case,method,family,detector_radius_over_r,sample,replicate,seed,diameter_um,requested_df,requested_kf,structural_class,class_definition,parameter_group,study_subset,target_rg_over_radius,mass_radius_relative_error,compactness_score,n,contacts,connected,max_overlap_over_radius,rg_over_radius,anisotropy,mean_coordination
fractal_dp1_N0050_Df1.8_kf1.3_rep01,tunable_fractal,tunable_fractal,,1,1,15015831728822439224,1.0,1.8,1.3,open,prescribed_Df_kf_pair,tunable_fractal|N50|Df1.8|kf1.3,historical_design_core,7.595744751894108,1.1102230246251565e-16,0.48501254570484625,50,49,True,5.10702591327572e-15,7.595744751894107,0.31123897735566763,1.96
fractal_dp1_N0050_Df1.8_kf1.3_rep02,tunable_fractal,tunable_fractal,,2,2,16778341837374850695,1.0,1.8,1.3,open,prescribed_Df_kf_pair,tunable_fractal|N50|Df1.8|kf1.3,historical_design_core,7.595744751894108,2.220446049250313e-16,0.48501254570484614,50,49,True,3.552713678800501e-15,7.595744751894109,0.3752401892281958,1.96
fractal_dp1_N0050_Df1.8_kf1.3_rep03,tunable_fractal,tunable_fractal,,3,3,12734195148759877679,1.0,1.8,1.3,open,prescribed_Df_kf_pair,tunable_fractal|N50|Df1.8|kf1.3,historical_design_core,7.595744751894108,0.0,0.4850125457048462,50,49,True,5.773159728050814e-15,7.595744751894108,0.3311936954555509,1.96
fractal_dp1_N0050_Df1.8_kf1.3_rep04,tunable_fractal,tunable_fractal,,4,4,4040422806737949826,1.0,1.8,1.3,open,prescribed_Df_kf_pair,tunable_fractal|N50|Df1.8|kf1.3,historical_design_core,7.595744751894108,2.220446049250313e-16,0.48501254570484614,50,49,True,3.9968028886505635e-15,7.595744751894109,0.4221762928909786,1.96
fractal_dp1_N0050_Df1.8_kf1.3_rep05,tunable_fractal,tunable_fractal,,5,5,11822114073611231259,1.0,1.8,1.3,open,prescribed_Df_kf_pair,tunable_fractal|N50|Df1.8|kf1.3,historical_design_core,7.595744751894108,0.0,0.4850125457048462,50,49,True,4.218847493575595e-15,7.595744751894108,0.46693543129624526,1.96
fractal_dp1_N0050_Df2.2_kf1.1_rep01,tunable_fractal,tunable_fractal,,1,1,1069972932922315974,1.0,2.2,1.1,intermediate,prescribed_Df_kf_pair,tunable_fractal|N50|Df2.2|kf1.1,historical_design_core,5.668187865369675,0.0,0.6499487289665048,50,49,True,3.552713678800501e-15,5.668187865369675,0.19919285805512466,1.96
fractal_dp1_N0050_Df2.2_kf1.1_rep02,tunable_fractal,tunable_fractal,,2,2,18189322308481521200,1.0,2.2,1.1,intermediate,prescribed_Df_kf_pair,tunable_fractal|N50|Df2.2|kf1.1,historical_design_core,5.668187865369675,0.0,0.6499487289665048,50,49,True,4.884981308350689e-15,5.668187865369675,0.28087035000419636,1.96
fractal_dp1_N0050_Df2.2_kf1.1_rep03,tunable_fractal,tunable_fractal,,3,3,9596235338005660046,1.0,2.2,1.1,intermediate,prescribed_Df_kf_pair,tunable_fractal|N50|Df2.2|kf1.1,historical_design_core,5.668187865369675,0.0,0.6499487289665048,50,49,True,3.774758283725532e-15,5.668187865369675,0.25416437719453244,1.96
fractal_dp1_N0050_Df2.2_kf1.1_rep04,tunable_fractal,tunable_fractal,,4,4,8568582802361285816,1.0,2.2,1.1,intermediate,prescribed_Df_kf_pair,tunable_fractal|N50|Df2.2|kf1.1,historical_design_core,5.668187865369675,3.3306690738754696e-16,0.649948728966505,50,49,True,3.552713678800501e-15,5.668187865369673,0.19161207252842372,1.96
fractal_dp1_N0050_Df2.2_kf1.1_rep05,tunable_fractal,tunable_fractal,,5,5,10154158352251221993,1.0,2.2,1.1,intermediate,prescribed_Df_kf_pair,tunable_fractal|N50|Df2.2|kf1.1,historical_design_core,5.668187865369675,3.3306690738754696e-16,0.649948728966505,50,49,True,6.217248937900877e-15,5.668187865369673,0.2749494581101227,1.96
fractal_dp1_N0050_Df2.6_kf0.8_rep01,tunable_fractal,tunable_fractal,,1,1,446960334126203801,1.0,2.6,0.8,compact,prescribed_Df_kf_pair,tunable_fractal|N50|Df2.6|kf0.8,historical_design_core,4.905949614823547,2.220446049250313e-16,0.7509313767734016,50,49,True,3.552713678800501e-15,4.905949614823548,0.13728012830620795,1.96
fractal_dp1_N0050_Df2.6_kf0.8_rep02,tunable_fractal,tunable_fractal,,2,2,9642423111196324622,1.0,2.6,0.8,compact,prescribed_Df_kf_pair,tunable_fractal|N50|Df2.6|kf0.8,historical_design_core,4.905949614823547,0.0,0.7509313767734017,50,49,True,1.5543122344752192e-15,4.905949614823547,0.16914099773220403,1.96
fractal_dp1_N0050_Df2.6_kf0.8_rep03,tunable_fractal,tunable_fractal,,3,3,17210293835875674352,1.0,2.6,0.8,compact,prescribed_Df_kf_pair,tunable_fractal|N50|Df2.6|kf0.8,historical_design_core,4.905949614823547,0.0,0.7509313767734017,50,49,True,1.9984014443252818e-15,4.905949614823547,0.10639876262828474,1.96
fractal_dp1_N0050_Df2.6_kf0.8_rep04,tunable_fractal,tunable_fractal,,4,4,2168632302422359654,1.0,2.6,0.8,compact,prescribed_Df_kf_pair,tunable_fractal|N50|Df2.6|kf0.8,historical_design_core,4.905949614823547,2.220446049250313e-16,0.7509313767734016,50,49,True,2.6645352591003757e-15,4.905949614823548,0.11803772338492247,1.96
fractal_dp1_N0050_Df2.6_kf0.8_rep05,tunable_fractal,tunable_fractal,,5,5,14855228629960333470,1.0,2.6,0.8,compact,prescribed_Df_kf_pair,tunable_fractal|N50|Df2.6|kf0.8,historical_design_core,4.905949614823547,0.0,0.7509313767734017,50,49,True,2.4424906541753444e-15,4.905949614823547,0.09785958922525351,1.96
fractal_dp1_N0100_Df1.8_kf1.3_rep01,tunable_fractal,tunable_fractal,,1,1,2403332777692777706,1.0,1.8,1.3,open,prescribed_Df_kf_pair,tunable_fractal|N100|Df1.8|kf1.3,historical_design_core,11.163728056380132,1.1102230246251565e-16,0.41577408641373037,100,99,True,4.218847493575595e-15,11.16372805638013,0.41585860041190603,1.98
fractal_dp1_N0100_Df1.8_kf1.3_rep02,tunable_fractal,tunable_fractal,,2,2,15632876445594839013,1.0,1.8,1.3,open,prescribed_Df_kf_pair,tunable_fractal|N100|Df1.8|kf1.3,historical_design_core,11.163728056380132,1.1102230246251565e-16,0.41577408641373037,100,99,True,9.769962616701378e-15,11.16372805638013,0.42366914039681025,1.98
fractal_dp1_N0100_Df1.8_kf1.3_rep03,tunable_fractal,tunable_fractal,,3,3,1508716818894132302,1.0,1.8,1.3,open,prescribed_Df_kf_pair,tunable_fractal|N100|Df1.8|kf1.3,historical_design_core,11.163728056380132,0.0,0.4157740864137303,100,99,True,4.6629367034256575e-15,11.163728056380132,0.4729252315339251,1.98
fractal_dp1_N0100_Df1.8_kf1.3_rep04,tunable_fractal,tunable_fractal,,4,4,13424398777455280111,1.0,1.8,1.3,open,prescribed_Df_kf_pair,tunable_fractal|N100|Df1.8|kf1.3,historical_design_core,11.163728056380132,0.0,0.4157740864137303,100,99,True,6.661338147750939e-15,11.163728056380132,0.6140239507745584,1.98
fractal_dp1_N0100_Df1.8_kf1.3_rep05,tunable_fractal,tunable_fractal,,5,5,8046324362901720243,1.0,1.8,1.3,open,prescribed_Df_kf_pair,tunable_fractal|N100|Df1.8|kf1.3,historical_design_core,11.163728056380132,3.3306690738754696e-16,0.4157740864137304,100,99,True,4.6629367034256575e-15,11.163728056380128,0.5396956656953842,1.98
fractal_dp1_N0100_Df2.2_kf1.1_rep01,tunable_fractal,tunable_fractal,,1,1,3878826409118751814,1.0,2.2,1.1,intermediate,prescribed_Df_kf_pair,tunable_fractal|N100|Df2.2|kf1.1,historical_design_core,7.76740682288799,0.0,0.5975725154417746,100,99,True,3.552713678800501e-15,7.76740682288799,0.2751496810413673,1.98
fractal_dp1_N0100_Df2.2_kf1.1_rep02,tunable_fractal,tunable_fractal,,2,2,3999239485841642244,1.0,2.2,1.1,intermediate,prescribed_Df_kf_pair,tunable_fractal|N100|Df2.2|kf1.1,historical_design_core,7.76740682288799,4.440892098500626e-16,0.5975725154417744,100,99,True,3.552713678800501e-15,7.767406822887993,0.1383548454511342,1.98
fractal_dp1_N0100_Df2.2_kf1.1_rep03,tunable_fractal,tunable_fractal,,3,3,15356928818606767661,1.0,2.2,1.1,intermediate,prescribed_Df_kf_pair,tunable_fractal|N100|Df2.2|kf1.1,historical_design_core,7.76740682288799,1.1102230246251565e-16,0.5975725154417746,100,99,True,4.884981308350689e-15,7.767406822887989,0.1376034323662204,1.98
fractal_dp1_N0100_Df2.2_kf1.1_rep04,tunable_fractal,tunable_fractal,,4,4,6492104830563942214,1.0,2.2,1.1,intermediate,prescribed_Df_kf_pair,tunable_fractal|N100|Df2.2|kf1.1,historical_design_core,7.76740682288799,2.220446049250313e-16,0.5975725154417747,100,99,True,7.105427357601002e-15,7.767406822887988,0.1891936494608627,1.98
fractal_dp1_N0100_Df2.2_kf1.1_rep05,tunable_fractal,tunable_fractal,,5,5,16950790489716328207,1.0,2.2,1.1,intermediate,prescribed_Df_kf_pair,tunable_fractal|N100|Df2.2|kf1.1,historical_design_core,7.76740682288799,2.220446049250313e-16,0.5975725154417745,100,99,True,4.440892098500626e-15,7.767406822887991,0.21908734981755884,1.98
fractal_dp1_N0100_Df2.6_kf0.8_rep01,tunable_fractal,tunable_fractal,,1,1,1539400634513339067,1.0,2.6,0.8,compact,prescribed_Df_kf_pair,tunable_fractal|N100|Df2.6|kf0.8,historical_design_core,6.404774610527076,0.0,0.7247075995435853,100,99,True,3.9968028886505635e-15,6.404774610527076,0.14478120187557253,1.98
fractal_dp1_N0100_Df2.6_kf0.8_rep02,tunable_fractal,tunable_fractal,,2,2,3027767148569607775,1.0,2.6,0.8,compact,prescribed_Df_kf_pair,tunable_fractal|N100|Df2.6|kf0.8,historical_design_core,6.404774610527076,2.220446049250313e-16,0.7247075995435854,100,99,True,3.3306690738754696e-15,6.404774610527074,0.10898163241397751,1.98
fractal_dp1_N0100_Df2.6_kf0.8_rep03,tunable_fractal,tunable_fractal,,3,3,9463748397773074959,1.0,2.6,0.8,compact,prescribed_Df_kf_pair,tunable_fractal|N100|Df2.6|kf0.8,historical_design_core,6.404774610527076,0.0,0.7247075995435853,100,99,True,4.6629367034256575e-15,6.404774610527076,0.1660365011609577,1.98
fractal_dp1_N0100_Df2.6_kf0.8_rep04,tunable_fractal,tunable_fractal,,4,4,13804572108765253002,1.0,2.6,0.8,compact,prescribed_Df_kf_pair,tunable_fractal|N100|Df2.6|kf0.8,historical_design_core,6.404774610527076,0.0,0.7247075995435853,100,99,True,3.1086244689504383e-15,6.404774610527076,0.14994833005187747,1.98
fractal_dp1_N0100_Df2.6_kf0.8_rep05,tunable_fractal,tunable_fractal,,5,5,6907373979583366195,1.0,2.6,0.8,compact,prescribed_Df_kf_pair,tunable_fractal|N100|Df2.6|kf0.8,historical_design_core,6.404774610527076,1.1102230246251565e-16,0.7247075995435854,100,99,True,5.551115123125783e-15,6.404774610527075,0.1105461335273974,1.98
fractal_dp1_N0200_Df1.8_kf1.3_rep01,tunable_fractal,tunable_fractal,,1,1,15367263734246845866,1.0,1.8,1.3,open,prescribed_Df_kf_pair,tunable_fractal|N200|Df1.8|kf1.3,historical_design_core,16.40771618684671,4.440892098500626e-16,0.356419833804404,200,199,True,2.5979218776228663e-14,16.407716186846702,0.37183451399783596,1.99
fractal_dp1_N0200_Df1.8_kf1.3_rep02,tunable_fractal,tunable_fractal,,2,2,825126983398277947,1.0,1.8,1.3,open,prescribed_Df_kf_pair,tunable_fractal|N200|Df1.8|kf1.3,historical_design_core,16.40771618684671,2.220446049250313e-16,0.35641983380440395,200,199,True,8.881784197001252e-15,16.407716186846706,0.3445871499598725,1.99
fractal_dp1_N0200_Df1.8_kf1.3_rep03,tunable_fractal,tunable_fractal,,3,3,11861842912735689369,1.0,1.8,1.3,open,prescribed_Df_kf_pair,tunable_fractal|N200|Df1.8|kf1.3,historical_design_core,16.40771618684671,0.0,0.35641983380440384,200,199,True,1.199040866595169e-14,16.40771618684671,0.4483151629462233,1.99
fractal_dp1_N0200_Df1.8_kf1.3_rep04,tunable_fractal,tunable_fractal,,4,4,12347842674200815894,1.0,1.8,1.3,open,prescribed_Df_kf_pair,tunable_fractal|N200|Df1.8|kf1.3,historical_design_core,16.40771618684671,0.0,0.35641983380440384,200,199,True,2.6645352591003757e-14,16.40771618684671,0.43457191971061415,1.99
fractal_dp1_N0200_Df1.8_kf1.3_rep05,tunable_fractal,tunable_fractal,,5,5,15573705679906886350,1.0,1.8,1.3,open,prescribed_Df_kf_pair,tunable_fractal|N200|Df1.8|kf1.3,historical_design_core,16.40771618684671,4.440892098500626e-16,0.356419833804404,200,199,True,5.306866057708248e-14,16.407716186846702,0.336190417903371,1.99
fractal_dp1_N0200_Df2.2_kf1.1_rep01,tunable_fractal,tunable_fractal,,1,1,15873312461829783094,1.0,2.2,1.1,intermediate,prescribed_Df_kf_pair,tunable_fractal|N200|Df2.2|kf1.1,historical_design_core,10.644073588466364,2.220446049250313e-16,0.5494170467557182,200,199,True,5.551115123125783e-15,10.644073588466366,0.2796999501322537,1.99
fractal_dp1_N0200_Df2.2_kf1.1_rep02,tunable_fractal,tunable_fractal,,2,2,7209500626656197435,1.0,2.2,1.1,intermediate,prescribed_Df_kf_pair,tunable_fractal|N200|Df2.2|kf1.1,historical_design_core,10.644073588466364,0.0,0.5494170467557183,200,199,True,5.551115123125783e-15,10.644073588466364,0.20145646828854624,1.99
fractal_dp1_N0200_Df2.2_kf1.1_rep03,tunable_fractal,tunable_fractal,,3,3,3389953562094540549,1.0,2.2,1.1,intermediate,prescribed_Df_kf_pair,tunable_fractal|N200|Df2.2|kf1.1,historical_design_core,10.644073588466364,2.220446049250313e-16,0.5494170467557182,200,199,True,5.995204332975845e-15,10.644073588466366,0.2065854419820179,1.99
fractal_dp1_N0200_Df2.2_kf1.1_rep04,tunable_fractal,tunable_fractal,,4,4,17356769421835225476,1.0,2.2,1.1,intermediate,prescribed_Df_kf_pair,tunable_fractal|N200|Df2.2|kf1.1,historical_design_core,10.644073588466364,2.220446049250313e-16,0.5494170467557182,200,199,True,5.551115123125783e-15,10.644073588466366,0.36958836340278045,1.99
fractal_dp1_N0200_Df2.2_kf1.1_rep05,tunable_fractal,tunable_fractal,,5,5,13808418796979583277,1.0,2.2,1.1,intermediate,prescribed_Df_kf_pair,tunable_fractal|N200|Df2.2|kf1.1,historical_design_core,10.644073588466364,2.220446049250313e-16,0.5494170467557185,200,199,True,7.771561172376096e-15,10.644073588466362,0.26343521672639625,1.99
fractal_dp1_N0200_Df2.6_kf0.8_rep01,tunable_fractal,tunable_fractal,,1,1,14782532795499592317,1.0,2.6,0.8,compact,prescribed_Df_kf_pair,tunable_fractal|N200|Df2.6|kf0.8,historical_design_core,8.361508175237887,2.220446049250313e-16,0.6993996003907936,200,199,True,5.773159728050814e-15,8.361508175237885,0.1469764227702267,1.99
fractal_dp1_N0200_Df2.6_kf0.8_rep02,tunable_fractal,tunable_fractal,,2,2,2271484508932545881,1.0,2.6,0.8,compact,prescribed_Df_kf_pair,tunable_fractal|N200|Df2.6|kf0.8,historical_design_core,8.361508175237887,2.220446049250313e-16,0.6993996003907936,200,199,True,3.9968028886505635e-15,8.361508175237885,0.10900256437822997,1.99
fractal_dp1_N0200_Df2.6_kf0.8_rep03,tunable_fractal,tunable_fractal,,3,3,159162938228440382,1.0,2.6,0.8,compact,prescribed_Df_kf_pair,tunable_fractal|N200|Df2.6|kf0.8,historical_design_core,8.361508175237887,4.440892098500626e-16,0.6993996003907939,200,199,True,6.439293542825908e-15,8.361508175237883,0.13009023757523086,1.99
fractal_dp1_N0200_Df2.6_kf0.8_rep04,tunable_fractal,tunable_fractal,,4,4,4793028550747076856,1.0,2.6,0.8,compact,prescribed_Df_kf_pair,tunable_fractal|N200|Df2.6|kf0.8,historical_design_core,8.361508175237887,2.220446049250313e-16,0.6993996003907934,200,199,True,5.773159728050814e-15,8.361508175237889,0.11327494419910566,1.99
fractal_dp1_N0200_Df2.6_kf0.8_rep05,tunable_fractal,tunable_fractal,,5,5,15665857782607348528,1.0,2.6,0.8,compact,prescribed_Df_kf_pair,tunable_fractal|N200|Df2.6|kf0.8,historical_design_core,8.361508175237887,4.440892098500626e-16,0.6993996003907939,200,199,True,4.6629367034256575e-15,8.361508175237883,0.1100812047077071,1.99
fractal_dp1_N0500_Df1.8_kf1.3_rep01,tunable_fractal,tunable_fractal,,1,1,526460201812570724,1.0,1.8,1.3,open,prescribed_Df_kf_pair,tunable_fractal|N500|Df1.8|kf1.3,extension_N500,27.29769127612933,4.440892098500626e-16,0.2907573823571507,500,499,True,6.217248937900877e-14,27.297691276129342,0.5321094541618006,1.996
fractal_dp1_N0500_Df1.8_kf1.3_rep02,tunable_fractal,tunable_fractal,,2,2,8023533816927795282,1.0,1.8,1.3,open,prescribed_Df_kf_pair,tunable_fractal|N500|Df1.8|kf1.3,extension_N500,27.29769127612933,2.220446049250313e-16,0.2907573823571508,500,499,True,1.3877787807814457e-13,27.297691276129335,0.2905617121916412,1.996
fractal_dp1_N0500_Df1.8_kf1.3_rep03,tunable_fractal,tunable_fractal,,3,3,17367384728730166461,1.0,1.8,1.3,open,prescribed_Df_kf_pair,tunable_fractal|N500|Df1.8|kf1.3,extension_N500,27.29769127612933,2.220446049250313e-16,0.2907573823571508,500,499,True,8.260059303211165e-14,27.297691276129335,0.46645216470274176,1.996
fractal_dp1_N0500_Df1.8_kf1.3_rep04,tunable_fractal,tunable_fractal,,4,4,2755644971088784215,1.0,1.8,1.3,open,prescribed_Df_kf_pair,tunable_fractal|N500|Df1.8|kf1.3,extension_N500,27.29769127612933,1.1102230246251565e-16,0.2907573823571509,500,499,True,4.440892098500626e-14,27.297691276129328,0.425228548934369,1.996
fractal_dp1_N0500_Df1.8_kf1.3_rep05,tunable_fractal,tunable_fractal,,5,5,13696973584056019416,1.0,1.8,1.3,open,prescribed_Df_kf_pair,tunable_fractal|N500|Df1.8|kf1.3,extension_N500,27.29769127612933,4.440892098500626e-16,0.2907573823571507,500,499,True,1.865174681370263e-14,27.297691276129342,0.42849084141463356,1.996
fractal_dp1_N0500_Df2.2_kf1.1_rep01,tunable_fractal,tunable_fractal,,1,1,10563249641555806324,1.0,2.2,1.1,intermediate,prescribed_Df_kf_pair,tunable_fractal|N500|Df2.2|kf1.1,extension_N500,16.143202349605396,2.220446049250313e-16,0.4916623782539037,500,499,True,7.771561172376096e-15,16.1432023496054,0.22825467834907232,1.996
fractal_dp1_N0500_Df2.2_kf1.1_rep02,tunable_fractal,tunable_fractal,,2,2,18194849852011800360,1.0,2.2,1.1,intermediate,prescribed_Df_kf_pair,tunable_fractal|N500|Df2.2|kf1.1,extension_N500,16.143202349605396,2.220446049250313e-16,0.4916623782539037,500,499,True,1.5987211554602254e-14,16.1432023496054,0.219179106770654,1.996
fractal_dp1_N0500_Df2.2_kf1.1_rep03,tunable_fractal,tunable_fractal,,3,3,2122628642481805082,1.0,2.2,1.1,intermediate,prescribed_Df_kf_pair,tunable_fractal|N500|Df2.2|kf1.1,extension_N500,16.143202349605396,0.0,0.4916623782539038,500,499,True,3.7969627442180354e-14,16.143202349605396,0.15648364206194953,1.996
fractal_dp1_N0500_Df2.2_kf1.1_rep04,tunable_fractal,tunable_fractal,,4,4,5260507983110817444,1.0,2.2,1.1,intermediate,prescribed_Df_kf_pair,tunable_fractal|N500|Df2.2|kf1.1,extension_N500,16.143202349605396,2.220446049250313e-16,0.4916623782539037,500,499,True,9.547918011776346e-15,16.1432023496054,0.21192253254034288,1.996
fractal_dp1_N0500_Df2.2_kf1.1_rep05,tunable_fractal,tunable_fractal,,5,5,18092259009827838540,1.0,2.2,1.1,intermediate,prescribed_Df_kf_pair,tunable_fractal|N500|Df2.2|kf1.1,extension_N500,16.143202349605396,2.220446049250313e-16,0.4916623782539037,500,499,True,2.6645352591003757e-14,16.1432023496054,0.2273517160680808,1.996
fractal_dp1_N0500_Df2.6_kf0.8_rep01,tunable_fractal,tunable_fractal,,1,1,454711755879081605,1.0,2.6,0.8,compact,prescribed_Df_kf_pair,tunable_fractal|N500|Df2.6|kf0.8,extension_N500,11.89428849885937,0.0,0.6672955057885248,500,499,True,7.327471962526033e-15,11.89428849885937,0.11183722687023001,1.996
fractal_dp1_N0500_Df2.6_kf0.8_rep02,tunable_fractal,tunable_fractal,,2,2,5704357824644613773,1.0,2.6,0.8,compact,prescribed_Df_kf_pair,tunable_fractal|N500|Df2.6|kf0.8,extension_N500,11.89428849885937,0.0,0.6672955057885248,500,499,True,7.771561172376096e-15,11.89428849885937,0.10658977481511467,1.996
fractal_dp1_N0500_Df2.6_kf0.8_rep03,tunable_fractal,tunable_fractal,,3,3,15031149140257033767,1.0,2.6,0.8,compact,prescribed_Df_kf_pair,tunable_fractal|N500|Df2.6|kf0.8,extension_N500,11.89428849885937,2.220446049250313e-16,0.6672955057885247,500,499,True,1.3322676295501878e-14,11.894288498859371,0.10846998890724424,1.996
fractal_dp1_N0500_Df2.6_kf0.8_rep04,tunable_fractal,tunable_fractal,,4,4,16576318089805087861,1.0,2.6,0.8,compact,prescribed_Df_kf_pair,tunable_fractal|N500|Df2.6|kf0.8,extension_N500,11.89428849885937,0.0,0.6672955057885248,500,499,True,5.329070518200751e-15,11.89428849885937,0.10287138868309809,1.996
fractal_dp1_N0500_Df2.6_kf0.8_rep05,tunable_fractal,tunable_fractal,,5,5,17578509424439797097,1.0,2.6,0.8,compact,prescribed_Df_kf_pair,tunable_fractal|N500|Df2.6|kf0.8,extension_N500,11.89428849885937,0.0,0.6672955057885248,500,499,True,1.4654943925052066e-14,11.89428849885937,0.0851745709433076,1.996
fractal_dp1.5_N0050_Df1.8_kf1.3_rep01,tunable_fractal,tunable_fractal,,1,1,17125908367279998572,1.5,1.8,1.3,open,prescribed_Df_kf_pair,tunable_fractal|N50|Df1.8|kf1.3,historical_design_core,7.595744751894108,0.0,0.4850125457048462,50,49,True,3.1086244689504383e-15,7.595744751894108,0.4604244061214935,1.96
fractal_dp1.5_N0050_Df1.8_kf1.3_rep02,tunable_fractal,tunable_fractal,,2,2,3272407984238088225,1.5,1.8,1.3,open,prescribed_Df_kf_pair,tunable_fractal|N50|Df1.8|kf1.3,historical_design_core,7.595744751894108,1.1102230246251565e-16,0.48501254570484625,50,49,True,2.886579864025407e-15,7.595744751894107,0.5189668307992181,1.96
fractal_dp1.5_N0050_Df1.8_kf1.3_rep03,tunable_fractal,tunable_fractal,,3,3,6160676925230445737,1.5,1.8,1.3,open,prescribed_Df_kf_pair,tunable_fractal|N50|Df1.8|kf1.3,historical_design_core,7.595744751894108,2.220446049250313e-16,0.48501254570484614,50,49,True,2.886579864025407e-15,7.595744751894109,0.36721185458910033,1.96
fractal_dp1.5_N0050_Df1.8_kf1.3_rep04,tunable_fractal,tunable_fractal,,4,4,18108392959998620178,1.5,1.8,1.3,open,prescribed_Df_kf_pair,tunable_fractal|N50|Df1.8|kf1.3,historical_design_core,7.595744751894108,0.0,0.4850125457048462,50,49,True,3.552713678800501e-15,7.595744751894108,0.3407056922055075,1.96
fractal_dp1.5_N0050_Df1.8_kf1.3_rep05,tunable_fractal,tunable_fractal,,5,5,2814538268492126964,1.5,1.8,1.3,open,prescribed_Df_kf_pair,tunable_fractal|N50|Df1.8|kf1.3,historical_design_core,7.595744751894108,0.0,0.4850125457048462,50,49,True,4.218847493575595e-15,7.595744751894108,0.5276566831929157,1.96
fractal_dp1.5_N0050_Df2.2_kf1.1_rep01,tunable_fractal,tunable_fractal,,1,1,15774626760979017851,1.5,2.2,1.1,intermediate,prescribed_Df_kf_pair,tunable_fractal|N50|Df2.2|kf1.1,historical_design_core,5.668187865369675,0.0,0.6499487289665048,50,49,True,2.886579864025407e-15,5.668187865369675,0.16532971773601313,1.96
fractal_dp1.5_N0050_Df2.2_kf1.1_rep02,tunable_fractal,tunable_fractal,,2,2,7078774364037042072,1.5,2.2,1.1,intermediate,prescribed_Df_kf_pair,tunable_fractal|N50|Df2.2|kf1.1,historical_design_core,5.668187865369675,1.1102230246251565e-16,0.6499487289665049,50,49,True,2.4424906541753444e-15,5.668187865369674,0.18141979815761278,1.96
fractal_dp1.5_N0050_Df2.2_kf1.1_rep03,tunable_fractal,tunable_fractal,,3,3,4318486737937549472,1.5,2.2,1.1,intermediate,prescribed_Df_kf_pair,tunable_fractal|N50|Df2.2|kf1.1,historical_design_core,5.668187865369675,3.3306690738754696e-16,0.649948728966505,50,49,True,3.774758283725532e-15,5.668187865369673,0.16371460956477646,1.96
fractal_dp1.5_N0050_Df2.2_kf1.1_rep04,tunable_fractal,tunable_fractal,,4,4,17809496715796794387,1.5,2.2,1.1,intermediate,prescribed_Df_kf_pair,tunable_fractal|N50|Df2.2|kf1.1,historical_design_core,5.668187865369675,1.1102230246251565e-16,0.6499487289665049,50,49,True,2.6645352591003757e-15,5.668187865369674,0.20403585306663152,1.96
fractal_dp1.5_N0050_Df2.2_kf1.1_rep05,tunable_fractal,tunable_fractal,,5,5,4637533744840775337,1.5,2.2,1.1,intermediate,prescribed_Df_kf_pair,tunable_fractal|N50|Df2.2|kf1.1,historical_design_core,5.668187865369675,3.3306690738754696e-16,0.649948728966505,50,49,True,2.220446049250313e-15,5.668187865369673,0.33663966185651106,1.96
fractal_dp1.5_N0050_Df2.6_kf0.8_rep01,tunable_fractal,tunable_fractal,,1,1,1472663952017369837,1.5,2.6,0.8,compact,prescribed_Df_kf_pair,tunable_fractal|N50|Df2.6|kf0.8,historical_design_core,4.905949614823547,4.440892098500626e-16,0.7509313767734015,50,49,True,1.9984014443252818e-15,4.905949614823549,0.12433809252851091,1.96
fractal_dp1.5_N0050_Df2.6_kf0.8_rep02,tunable_fractal,tunable_fractal,,2,2,3762631773691192956,1.5,2.6,0.8,compact,prescribed_Df_kf_pair,tunable_fractal|N50|Df2.6|kf0.8,historical_design_core,4.905949614823547,0.0,0.7509313767734017,50,49,True,2.886579864025407e-15,4.905949614823547,0.1282413004207874,1.96
fractal_dp1.5_N0050_Df2.6_kf0.8_rep03,tunable_fractal,tunable_fractal,,3,3,10981443643652736561,1.5,2.6,0.8,compact,prescribed_Df_kf_pair,tunable_fractal|N50|Df2.6|kf0.8,historical_design_core,4.905949614823547,0.0,0.7509313767734017,50,49,True,2.220446049250313e-15,4.905949614823547,0.15016411906027882,1.96
fractal_dp1.5_N0050_Df2.6_kf0.8_rep04,tunable_fractal,tunable_fractal,,4,4,5754631528640029009,1.5,2.6,0.8,compact,prescribed_Df_kf_pair,tunable_fractal|N50|Df2.6|kf0.8,historical_design_core,4.905949614823547,0.0,0.7509313767734017,50,49,True,2.4424906541753444e-15,4.905949614823547,0.09310841249243529,1.96
fractal_dp1.5_N0050_Df2.6_kf0.8_rep05,tunable_fractal,tunable_fractal,,5,5,14422805677044464689,1.5,2.6,0.8,compact,prescribed_Df_kf_pair,tunable_fractal|N50|Df2.6|kf0.8,historical_design_core,4.905949614823547,0.0,0.7509313767734017,50,49,True,2.220446049250313e-15,4.905949614823547,0.13181442483294237,1.96
fractal_dp1.5_N0100_Df1.8_kf1.3_rep01,tunable_fractal,tunable_fractal,,1,1,6862993534507498144,1.5,1.8,1.3,open,prescribed_Df_kf_pair,tunable_fractal|N100|Df1.8|kf1.3,historical_design_core,11.163728056380132,1.1102230246251565e-16,0.41577408641373037,100,99,True,5.551115123125783e-15,11.16372805638013,0.3401300272520352,1.98
fractal_dp1.5_N0100_Df1.8_kf1.3_rep02,tunable_fractal,tunable_fractal,,2,2,11770036357841218296,1.5,1.8,1.3,open,prescribed_Df_kf_pair,tunable_fractal|N100|Df1.8|kf1.3,historical_design_core,11.163728056380132,0.0,0.4157740864137303,100,99,True,6.217248937900877e-15,11.163728056380132,0.3327190683568215,1.98
fractal_dp1.5_N0100_Df1.8_kf1.3_rep03,tunable_fractal,tunable_fractal,,3,3,17507924899059804712,1.5,1.8,1.3,open,prescribed_Df_kf_pair,tunable_fractal|N100|Df1.8|kf1.3,historical_design_core,11.163728056380132,0.0,0.4157740864137303,100,99,True,4.6629367034256575e-15,11.163728056380132,0.42824837397495696,1.98
fractal_dp1.5_N0100_Df1.8_kf1.3_rep04,tunable_fractal,tunable_fractal,,4,4,4219625936935699217,1.5,1.8,1.3,open,prescribed_Df_kf_pair,tunable_fractal|N100|Df1.8|kf1.3,historical_design_core,11.163728056380132,1.1102230246251565e-16,0.41577408641373037,100,99,True,4.218847493575595e-15,11.16372805638013,0.41669329765176855,1.98
fractal_dp1.5_N0100_Df1.8_kf1.3_rep05,tunable_fractal,tunable_fractal,,5,5,17989076593727745179,1.5,1.8,1.3,open,prescribed_Df_kf_pair,tunable_fractal|N100|Df1.8|kf1.3,historical_design_core,11.163728056380132,3.3306690738754696e-16,0.4157740864137304,100,99,True,6.217248937900877e-15,11.163728056380128,0.436990380844827,1.98
fractal_dp1.5_N0100_Df2.2_kf1.1_rep01,tunable_fractal,tunable_fractal,,1,1,190303151860886923,1.5,2.2,1.1,intermediate,prescribed_Df_kf_pair,tunable_fractal|N100|Df2.2|kf1.1,historical_design_core,7.76740682288799,0.0,0.5975725154417746,100,99,True,5.10702591327572e-15,7.76740682288799,0.28349715539391374,1.98
fractal_dp1.5_N0100_Df2.2_kf1.1_rep02,tunable_fractal,tunable_fractal,,2,2,10427362006441749420,1.5,2.2,1.1,intermediate,prescribed_Df_kf_pair,tunable_fractal|N100|Df2.2|kf1.1,historical_design_core,7.76740682288799,4.440892098500626e-16,0.5975725154417748,100,99,True,3.1086244689504383e-15,7.7674068228879865,0.16006780399655685,1.98
fractal_dp1.5_N0100_Df2.2_kf1.1_rep03,tunable_fractal,tunable_fractal,,3,3,906940482527972820,1.5,2.2,1.1,intermediate,prescribed_Df_kf_pair,tunable_fractal|N100|Df2.2|kf1.1,historical_design_core,7.76740682288799,2.220446049250313e-16,0.5975725154417747,100,99,True,7.105427357601002e-15,7.767406822887988,0.28087152624368006,1.98
fractal_dp1.5_N0100_Df2.2_kf1.1_rep04,tunable_fractal,tunable_fractal,,4,4,843682290055683717,1.5,2.2,1.1,intermediate,prescribed_Df_kf_pair,tunable_fractal|N100|Df2.2|kf1.1,historical_design_core,7.76740682288799,0.0,0.5975725154417746,100,99,True,3.9968028886505635e-15,7.76740682288799,0.20196449737109912,1.98
fractal_dp1.5_N0100_Df2.2_kf1.1_rep05,tunable_fractal,tunable_fractal,,5,5,10542086762564409087,1.5,2.2,1.1,intermediate,prescribed_Df_kf_pair,tunable_fractal|N100|Df2.2|kf1.1,historical_design_core,7.76740682288799,1.1102230246251565e-16,0.5975725154417746,100,99,True,5.10702591327572e-15,7.767406822887989,0.22885822933791777,1.98
fractal_dp1.5_N0100_Df2.6_kf0.8_rep01,tunable_fractal,tunable_fractal,,1,1,973504458891147096,1.5,2.6,0.8,compact,prescribed_Df_kf_pair,tunable_fractal|N100|Df2.6|kf0.8,historical_design_core,6.404774610527076,1.1102230246251565e-16,0.7247075995435854,100,99,True,3.774758283725532e-15,6.404774610527075,0.13806329373414683,1.98
fractal_dp1.5_N0100_Df2.6_kf0.8_rep02,tunable_fractal,tunable_fractal,,2,2,15300363313674150083,1.5,2.6,0.8,compact,prescribed_Df_kf_pair,tunable_fractal|N100|Df2.6|kf0.8,historical_design_core,6.404774610527076,1.1102230246251565e-16,0.7247075995435854,100,99,True,4.884981308350689e-15,6.404774610527075,0.15589023965541338,1.98
fractal_dp1.5_N0100_Df2.6_kf0.8_rep03,tunable_fractal,tunable_fractal,,3,3,5705386676461868592,1.5,2.6,0.8,compact,prescribed_Df_kf_pair,tunable_fractal|N100|Df2.6|kf0.8,historical_design_core,6.404774610527076,1.1102230246251565e-16,0.7247075995435854,100,99,True,1.7763568394002505e-15,6.404774610527075,0.11443056945102792,1.98
fractal_dp1.5_N0100_Df2.6_kf0.8_rep04,tunable_fractal,tunable_fractal,,4,4,5365316067836526730,1.5,2.6,0.8,compact,prescribed_Df_kf_pair,tunable_fractal|N100|Df2.6|kf0.8,historical_design_core,6.404774610527076,2.220446049250313e-16,0.7247075995435851,100,99,True,4.6629367034256575e-15,6.4047746105270775,0.12075505328198854,1.98
fractal_dp1.5_N0100_Df2.6_kf0.8_rep05,tunable_fractal,tunable_fractal,,5,5,12701650401542791195,1.5,2.6,0.8,compact,prescribed_Df_kf_pair,tunable_fractal|N100|Df2.6|kf0.8,historical_design_core,6.404774610527076,2.220446049250313e-16,0.7247075995435851,100,99,True,3.9968028886505635e-15,6.4047746105270775,0.12766163053367063,1.98
fractal_dp1.5_N0200_Df1.8_kf1.3_rep01,tunable_fractal,tunable_fractal,,1,1,7305413203970621982,1.5,1.8,1.3,open,prescribed_Df_kf_pair,tunable_fractal|N200|Df1.8|kf1.3,historical_design_core,16.40771618684671,2.220446049250313e-16,0.35641983380440395,200,199,True,7.327471962526033e-15,16.407716186846706,0.37660099437495476,1.99
fractal_dp1.5_N0200_Df1.8_kf1.3_rep02,tunable_fractal,tunable_fractal,,2,2,17395364826940641922,1.5,1.8,1.3,open,prescribed_Df_kf_pair,tunable_fractal|N200|Df1.8|kf1.3,historical_design_core,16.40771618684671,2.220446049250313e-16,0.35641983380440395,200,199,True,3.730349362740526e-14,16.407716186846706,0.40068890081118336,1.99
fractal_dp1.5_N0200_Df1.8_kf1.3_rep03,tunable_fractal,tunable_fractal,,3,3,13491421416943342085,1.5,1.8,1.3,open,prescribed_Df_kf_pair,tunable_fractal|N200|Df1.8|kf1.3,historical_design_core,16.40771618684671,0.0,0.35641983380440384,200,199,True,1.3988810110276972e-14,16.40771618684671,0.40026463563878123,1.99
fractal_dp1.5_N0200_Df1.8_kf1.3_rep04,tunable_fractal,tunable_fractal,,4,4,1270202204855869961,1.5,1.8,1.3,open,prescribed_Df_kf_pair,tunable_fractal|N200|Df1.8|kf1.3,historical_design_core,16.40771618684671,0.0,0.35641983380440384,200,199,True,1.3988810110276972e-14,16.40771618684671,0.5310020403705153,1.99
fractal_dp1.5_N0200_Df1.8_kf1.3_rep05,tunable_fractal,tunable_fractal,,5,5,9019391891663514045,1.5,1.8,1.3,open,prescribed_Df_kf_pair,tunable_fractal|N200|Df1.8|kf1.3,historical_design_core,16.40771618684671,2.220446049250313e-16,0.3564198338044038,200,199,True,5.995204332975845e-15,16.407716186846713,0.6201784154654832,1.99
fractal_dp1.5_N0200_Df2.2_kf1.1_rep01,tunable_fractal,tunable_fractal,,1,1,3940972671727550295,1.5,2.2,1.1,intermediate,prescribed_Df_kf_pair,tunable_fractal|N200|Df2.2|kf1.1,historical_design_core,10.644073588466364,0.0,0.5494170467557183,200,199,True,5.10702591327572e-15,10.644073588466364,0.22075279294760553,1.99
fractal_dp1.5_N0200_Df2.2_kf1.1_rep02,tunable_fractal,tunable_fractal,,2,2,1271524088031598289,1.5,2.2,1.1,intermediate,prescribed_Df_kf_pair,tunable_fractal|N200|Df2.2|kf1.1,historical_design_core,10.644073588466364,2.220446049250313e-16,0.5494170467557182,200,199,True,8.659739592076221e-15,10.644073588466366,0.23988532841707388,1.99
fractal_dp1.5_N0200_Df2.2_kf1.1_rep03,tunable_fractal,tunable_fractal,,3,3,1438363471188475317,1.5,2.2,1.1,intermediate,prescribed_Df_kf_pair,tunable_fractal|N200|Df2.2|kf1.1,historical_design_core,10.644073588466364,2.220446049250313e-16,0.5494170467557185,200,199,True,4.884981308350689e-15,10.644073588466362,0.1621332984598598,1.99
fractal_dp1.5_N0200_Df2.2_kf1.1_rep04,tunable_fractal,tunable_fractal,,4,4,8872045270324870735,1.5,2.2,1.1,intermediate,prescribed_Df_kf_pair,tunable_fractal|N200|Df2.2|kf1.1,historical_design_core,10.644073588466364,2.220446049250313e-16,0.5494170467557185,200,199,True,4.6629367034256575e-15,10.644073588466362,0.25544971745871403,1.99
fractal_dp1.5_N0200_Df2.2_kf1.1_rep05,tunable_fractal,tunable_fractal,,5,5,16562730708766047887,1.5,2.2,1.1,intermediate,prescribed_Df_kf_pair,tunable_fractal|N200|Df2.2|kf1.1,historical_design_core,10.644073588466364,2.220446049250313e-16,0.5494170467557185,200,199,True,4.218847493575595e-15,10.644073588466362,0.2518814394899789,1.99
fractal_dp1.5_N0200_Df2.6_kf0.8_rep01,tunable_fractal,tunable_fractal,,1,1,10930008568744705700,1.5,2.6,0.8,compact,prescribed_Df_kf_pair,tunable_fractal|N200|Df2.6|kf0.8,historical_design_core,8.361508175237887,4.440892098500626e-16,0.6993996003907939,200,199,True,4.218847493575595e-15,8.361508175237883,0.124742233984666,1.99
fractal_dp1.5_N0200_Df2.6_kf0.8_rep02,tunable_fractal,tunable_fractal,,2,2,14922707495027146502,1.5,2.6,0.8,compact,prescribed_Df_kf_pair,tunable_fractal|N200|Df2.6|kf0.8,historical_design_core,8.361508175237887,4.440892098500626e-16,0.6993996003907939,200,199,True,3.9968028886505635e-15,8.361508175237883,0.11588944500370224,1.99
fractal_dp1.5_N0200_Df2.6_kf0.8_rep03,tunable_fractal,tunable_fractal,,3,3,1063697787464534865,1.5,2.6,0.8,compact,prescribed_Df_kf_pair,tunable_fractal|N200|Df2.6|kf0.8,historical_design_core,8.361508175237887,4.440892098500626e-16,0.6993996003907939,200,199,True,4.884981308350689e-15,8.361508175237883,0.08668129655759327,1.99
fractal_dp1.5_N0200_Df2.6_kf0.8_rep04,tunable_fractal,tunable_fractal,,4,4,5218643575292187233,1.5,2.6,0.8,compact,prescribed_Df_kf_pair,tunable_fractal|N200|Df2.6|kf0.8,historical_design_core,8.361508175237887,2.220446049250313e-16,0.6993996003907936,200,199,True,4.6629367034256575e-15,8.361508175237885,0.10753474249636985,1.99
fractal_dp1.5_N0200_Df2.6_kf0.8_rep05,tunable_fractal,tunable_fractal,,5,5,6179036300278021731,1.5,2.6,0.8,compact,prescribed_Df_kf_pair,tunable_fractal|N200|Df2.6|kf0.8,historical_design_core,8.361508175237887,2.220446049250313e-16,0.6993996003907936,200,199,True,3.3306690738754696e-15,8.361508175237885,0.09627351542813867,1.99
fractal_dp1.5_N0500_Df1.8_kf1.3_rep01,tunable_fractal,tunable_fractal,,1,1,17349824759916720731,1.5,1.8,1.3,open,prescribed_Df_kf_pair,tunable_fractal|N500|Df1.8|kf1.3,extension_N500,27.29769127612933,0.0,0.2907573823571508,500,499,True,9.769962616701378e-15,27.29769127612933,0.44107777451417285,1.996
fractal_dp1.5_N0500_Df1.8_kf1.3_rep02,tunable_fractal,tunable_fractal,,2,2,13816708876295421147,1.5,1.8,1.3,open,prescribed_Df_kf_pair,tunable_fractal|N500|Df1.8|kf1.3,extension_N500,27.29769127612933,0.0,0.2907573823571508,500,499,True,5.10702591327572e-14,27.29769127612933,0.37344146075214757,1.996
fractal_dp1.5_N0500_Df1.8_kf1.3_rep03,tunable_fractal,tunable_fractal,,3,3,5165360526059755601,1.5,1.8,1.3,open,prescribed_Df_kf_pair,tunable_fractal|N500|Df1.8|kf1.3,extension_N500,27.29769127612933,2.220446049250313e-16,0.2907573823571508,500,499,True,6.861178292183467e-14,27.297691276129335,0.3232384115153297,1.996
fractal_dp1.5_N0500_Df1.8_kf1.3_rep04,tunable_fractal,tunable_fractal,,4,4,12491340605670505109,1.5,1.8,1.3,open,prescribed_Df_kf_pair,tunable_fractal|N500|Df1.8|kf1.3,extension_N500,27.29769127612933,0.0,0.2907573823571508,500,499,True,1.2390088954816747e-13,27.29769127612933,0.3370939402188766,1.996
fractal_dp1.5_N0500_Df1.8_kf1.3_rep05,tunable_fractal,tunable_fractal,,5,5,12174824378048766958,1.5,1.8,1.3,open,prescribed_Df_kf_pair,tunable_fractal|N500|Df1.8|kf1.3,extension_N500,27.29769127612933,2.220446049250313e-16,0.29075738235715076,500,499,True,1.7985612998927536e-14,27.29769127612934,0.4796317596459311,1.996
fractal_dp1.5_N0500_Df2.2_kf1.1_rep01,tunable_fractal,tunable_fractal,,1,1,2413379735037066498,1.5,2.2,1.1,intermediate,prescribed_Df_kf_pair,tunable_fractal|N500|Df2.2|kf1.1,extension_N500,16.143202349605396,2.220446049250313e-16,0.4916623782539037,500,499,True,1.4654943925052066e-14,16.1432023496054,0.2413633398023738,1.996
fractal_dp1.5_N0500_Df2.2_kf1.1_rep02,tunable_fractal,tunable_fractal,,2,2,16163839552677566514,1.5,2.2,1.1,intermediate,prescribed_Df_kf_pair,tunable_fractal|N500|Df2.2|kf1.1,extension_N500,16.143202349605396,0.0,0.4916623782539038,500,499,True,7.771561172376096e-15,16.143202349605396,0.22370252120939071,1.996
fractal_dp1.5_N0500_Df2.2_kf1.1_rep03,tunable_fractal,tunable_fractal,,3,3,18061969639033219172,1.5,2.2,1.1,intermediate,prescribed_Df_kf_pair,tunable_fractal|N500|Df2.2|kf1.1,extension_N500,16.143202349605396,0.0,0.4916623782539038,500,499,True,9.103828801926284e-15,16.143202349605396,0.35237197065161674,1.996
fractal_dp1.5_N0500_Df2.2_kf1.1_rep04,tunable_fractal,tunable_fractal,,4,4,18093697585226187796,1.5,2.2,1.1,intermediate,prescribed_Df_kf_pair,tunable_fractal|N500|Df2.2|kf1.1,extension_N500,16.143202349605396,0.0,0.4916623782539038,500,499,True,1.1324274851176597e-14,16.143202349605396,0.22554174480218736,1.996
fractal_dp1.5_N0500_Df2.2_kf1.1_rep05,tunable_fractal,tunable_fractal,,5,5,9663229013875289314,1.5,2.2,1.1,intermediate,prescribed_Df_kf_pair,tunable_fractal|N500|Df2.2|kf1.1,extension_N500,16.143202349605396,0.0,0.4916623782539038,500,499,True,1.021405182655144e-14,16.143202349605396,0.1849328442393694,1.996
fractal_dp1.5_N0500_Df2.6_kf0.8_rep01,tunable_fractal,tunable_fractal,,1,1,5711049228556299353,1.5,2.6,0.8,compact,prescribed_Df_kf_pair,tunable_fractal|N500|Df2.6|kf0.8,extension_N500,11.89428849885937,0.0,0.6672955057885248,500,499,True,7.105427357601002e-15,11.89428849885937,0.11309072213964066,1.996
fractal_dp1.5_N0500_Df2.6_kf0.8_rep02,tunable_fractal,tunable_fractal,,2,2,16430187118955092151,1.5,2.6,0.8,compact,prescribed_Df_kf_pair,tunable_fractal|N500|Df2.6|kf0.8,extension_N500,11.89428849885937,0.0,0.6672955057885248,500,499,True,6.217248937900877e-15,11.89428849885937,0.10007016272206115,1.996
fractal_dp1.5_N0500_Df2.6_kf0.8_rep03,tunable_fractal,tunable_fractal,,3,3,17788992578353834640,1.5,2.6,0.8,compact,prescribed_Df_kf_pair,tunable_fractal|N500|Df2.6|kf0.8,extension_N500,11.89428849885937,3.3306690738754696e-16,0.667295505788525,500,499,True,6.8833827526759706e-15,11.894288498859366,0.11322321714903305,1.996
fractal_dp1.5_N0500_Df2.6_kf0.8_rep04,tunable_fractal,tunable_fractal,,4,4,14276518396147594090,1.5,2.6,0.8,compact,prescribed_Df_kf_pair,tunable_fractal|N500|Df2.6|kf0.8,extension_N500,11.89428849885937,0.0,0.6672955057885248,500,499,True,6.661338147750939e-15,11.89428849885937,0.09560514955486099,1.996
fractal_dp1.5_N0500_Df2.6_kf0.8_rep05,tunable_fractal,tunable_fractal,,5,5,13690362390166010529,1.5,2.6,0.8,compact,prescribed_Df_kf_pair,tunable_fractal|N500|Df2.6|kf0.8,extension_N500,11.89428849885937,2.220446049250313e-16,0.6672955057885247,500,499,True,4.6629367034256575e-15,11.894288498859373,0.09859509561958779,1.996
fractal_dp2_N0050_Df1.8_kf1.3_rep01,tunable_fractal,tunable_fractal,,1,1,14085224059004277301,2.0,1.8,1.3,open,prescribed_Df_kf_pair,tunable_fractal|N50|Df1.8|kf1.3,historical_design_core,7.595744751894108,2.220446049250313e-16,0.4850125457048463,50,49,True,5.773159728050814e-15,7.595744751894106,0.29922154182266014,1.96
fractal_dp2_N0050_Df1.8_kf1.3_rep02,tunable_fractal,tunable_fractal,,2,2,17894765154522563673,2.0,1.8,1.3,open,prescribed_Df_kf_pair,tunable_fractal|N50|Df1.8|kf1.3,historical_design_core,7.595744751894108,3.3306690738754696e-16,0.48501254570484637,50,49,True,3.9968028886505635e-15,7.595744751894105,0.6088708462239221,1.96
fractal_dp2_N0050_Df1.8_kf1.3_rep03,tunable_fractal,tunable_fractal,,3,3,13175545565722543863,2.0,1.8,1.3,open,prescribed_Df_kf_pair,tunable_fractal|N50|Df1.8|kf1.3,historical_design_core,7.595744751894108,2.220446049250313e-16,0.4850125457048463,50,49,True,9.103828801926284e-15,7.595744751894106,0.3672673545795345,1.96
fractal_dp2_N0050_Df1.8_kf1.3_rep04,tunable_fractal,tunable_fractal,,4,4,7069991612273840895,2.0,1.8,1.3,open,prescribed_Df_kf_pair,tunable_fractal|N50|Df1.8|kf1.3,historical_design_core,7.595744751894108,1.1102230246251565e-16,0.48501254570484625,50,49,True,4.440892098500626e-15,7.595744751894107,0.4959911375172341,1.96
fractal_dp2_N0050_Df1.8_kf1.3_rep05,tunable_fractal,tunable_fractal,,5,5,11437048510464304797,2.0,1.8,1.3,open,prescribed_Df_kf_pair,tunable_fractal|N50|Df1.8|kf1.3,historical_design_core,7.595744751894108,2.220446049250313e-16,0.4850125457048463,50,49,True,3.774758283725532e-15,7.595744751894106,0.4667528776689924,1.96
fractal_dp2_N0050_Df2.2_kf1.1_rep01,tunable_fractal,tunable_fractal,,1,1,14163527161081817518,2.0,2.2,1.1,intermediate,prescribed_Df_kf_pair,tunable_fractal|N50|Df2.2|kf1.1,historical_design_core,5.668187865369675,1.1102230246251565e-16,0.6499487289665049,50,49,True,5.10702591327572e-15,5.668187865369674,0.2937944591762961,1.96
fractal_dp2_N0050_Df2.2_kf1.1_rep02,tunable_fractal,tunable_fractal,,2,2,13069185343838708419,2.0,2.2,1.1,intermediate,prescribed_Df_kf_pair,tunable_fractal|N50|Df2.2|kf1.1,historical_design_core,5.668187865369675,1.1102230246251565e-16,0.6499487289665049,50,49,True,4.218847493575595e-15,5.668187865369674,0.24139144959053283,1.96
fractal_dp2_N0050_Df2.2_kf1.1_rep03,tunable_fractal,tunable_fractal,,3,3,17691403736814813808,2.0,2.2,1.1,intermediate,prescribed_Df_kf_pair,tunable_fractal|N50|Df2.2|kf1.1,historical_design_core,5.668187865369675,0.0,0.6499487289665048,50,49,True,2.886579864025407e-15,5.668187865369675,0.2704253429911605,1.96
fractal_dp2_N0050_Df2.2_kf1.1_rep04,tunable_fractal,tunable_fractal,,4,4,4690871294280031443,2.0,2.2,1.1,intermediate,prescribed_Df_kf_pair,tunable_fractal|N50|Df2.2|kf1.1,historical_design_core,5.668187865369675,0.0,0.6499487289665048,50,49,True,4.440892098500626e-15,5.668187865369675,0.18664835256376688,1.96
fractal_dp2_N0050_Df2.2_kf1.1_rep05,tunable_fractal,tunable_fractal,,5,5,12831117850151881196,2.0,2.2,1.1,intermediate,prescribed_Df_kf_pair,tunable_fractal|N50|Df2.2|kf1.1,historical_design_core,5.668187865369675,1.1102230246251565e-16,0.6499487289665049,50,49,True,4.884981308350689e-15,5.668187865369674,0.163845274348702,1.96
fractal_dp2_N0050_Df2.6_kf0.8_rep01,tunable_fractal,tunable_fractal,,1,1,12064482183181282202,2.0,2.6,0.8,compact,prescribed_Df_kf_pair,tunable_fractal|N50|Df2.6|kf0.8,historical_design_core,4.905949614823547,0.0,0.7509313767734017,50,49,True,3.1086244689504383e-15,4.905949614823547,0.15366559600544616,1.96
fractal_dp2_N0050_Df2.6_kf0.8_rep02,tunable_fractal,tunable_fractal,,2,2,11078783625730769968,2.0,2.6,0.8,compact,prescribed_Df_kf_pair,tunable_fractal|N50|Df2.6|kf0.8,historical_design_core,4.905949614823547,0.0,0.7509313767734017,50,49,True,3.774758283725532e-15,4.905949614823547,0.10150698765110144,1.96
fractal_dp2_N0050_Df2.6_kf0.8_rep03,tunable_fractal,tunable_fractal,,3,3,10059866613641628228,2.0,2.6,0.8,compact,prescribed_Df_kf_pair,tunable_fractal|N50|Df2.6|kf0.8,historical_design_core,4.905949614823547,0.0,0.7509313767734017,50,49,True,2.6645352591003757e-15,4.905949614823547,0.12223376075093295,1.96
fractal_dp2_N0050_Df2.6_kf0.8_rep04,tunable_fractal,tunable_fractal,,4,4,12284608006665310090,2.0,2.6,0.8,compact,prescribed_Df_kf_pair,tunable_fractal|N50|Df2.6|kf0.8,historical_design_core,4.905949614823547,0.0,0.7509313767734017,50,49,True,2.4424906541753444e-15,4.905949614823547,0.12740252923575068,1.96
fractal_dp2_N0050_Df2.6_kf0.8_rep05,tunable_fractal,tunable_fractal,,5,5,6818937816578865657,2.0,2.6,0.8,compact,prescribed_Df_kf_pair,tunable_fractal|N50|Df2.6|kf0.8,historical_design_core,4.905949614823547,0.0,0.7509313767734017,50,49,True,1.7763568394002505e-15,4.905949614823547,0.11064345039098356,1.96
fractal_dp2_N0100_Df1.8_kf1.3_rep01,tunable_fractal,tunable_fractal,,1,1,3886011461007910543,2.0,1.8,1.3,open,prescribed_Df_kf_pair,tunable_fractal|N100|Df1.8|kf1.3,historical_design_core,11.163728056380132,1.1102230246251565e-16,0.41577408641373037,100,99,True,2.864375403532904e-14,11.16372805638013,0.4568195921884255,1.98
fractal_dp2_N0100_Df1.8_kf1.3_rep02,tunable_fractal,tunable_fractal,,2,2,8508782316040599592,2.0,1.8,1.3,open,prescribed_Df_kf_pair,tunable_fractal|N100|Df1.8|kf1.3,historical_design_core,11.163728056380132,0.0,0.4157740864137303,100,99,True,3.552713678800501e-15,11.163728056380132,0.4763769255225828,1.98
fractal_dp2_N0100_Df1.8_kf1.3_rep03,tunable_fractal,tunable_fractal,,3,3,9563144629804561580,2.0,1.8,1.3,open,prescribed_Df_kf_pair,tunable_fractal|N100|Df1.8|kf1.3,historical_design_core,11.163728056380132,2.220446049250313e-16,0.41577408641373026,100,99,True,5.773159728050814e-15,11.163728056380133,0.37636684092452866,1.98
fractal_dp2_N0100_Df1.8_kf1.3_rep04,tunable_fractal,tunable_fractal,,4,4,9884046590069608063,2.0,1.8,1.3,open,prescribed_Df_kf_pair,tunable_fractal|N100|Df1.8|kf1.3,historical_design_core,11.163728056380132,0.0,0.4157740864137303,100,99,True,5.10702591327572e-15,11.163728056380132,0.5338878877699935,1.98
fractal_dp2_N0100_Df1.8_kf1.3_rep05,tunable_fractal,tunable_fractal,,5,5,2749380856756626051,2.0,1.8,1.3,open,prescribed_Df_kf_pair,tunable_fractal|N100|Df1.8|kf1.3,historical_design_core,11.163728056380132,0.0,0.4157740864137303,100,99,True,1.9095836023552692e-14,11.163728056380132,0.5583584312321861,1.98
fractal_dp2_N0100_Df2.2_kf1.1_rep01,tunable_fractal,tunable_fractal,,1,1,9673246865800162550,2.0,2.2,1.1,intermediate,prescribed_Df_kf_pair,tunable_fractal|N100|Df2.2|kf1.1,historical_design_core,7.76740682288799,0.0,0.5975725154417746,100,99,True,3.552713678800501e-15,7.76740682288799,0.2122047249229757,1.98
fractal_dp2_N0100_Df2.2_kf1.1_rep02,tunable_fractal,tunable_fractal,,2,2,10906867648725123552,2.0,2.2,1.1,intermediate,prescribed_Df_kf_pair,tunable_fractal|N100|Df2.2|kf1.1,historical_design_core,7.76740682288799,1.1102230246251565e-16,0.5975725154417746,100,99,True,3.774758283725532e-15,7.767406822887989,0.18488486715661534,1.98
fractal_dp2_N0100_Df2.2_kf1.1_rep03,tunable_fractal,tunable_fractal,,3,3,11226577246379392247,2.0,2.2,1.1,intermediate,prescribed_Df_kf_pair,tunable_fractal|N100|Df2.2|kf1.1,historical_design_core,7.76740682288799,4.440892098500626e-16,0.5975725154417744,100,99,True,3.9968028886505635e-15,7.767406822887993,0.37796270607965765,1.98
fractal_dp2_N0100_Df2.2_kf1.1_rep04,tunable_fractal,tunable_fractal,,4,4,8033822501123664636,2.0,2.2,1.1,intermediate,prescribed_Df_kf_pair,tunable_fractal|N100|Df2.2|kf1.1,historical_design_core,7.76740682288799,2.220446049250313e-16,0.5975725154417747,100,99,True,3.774758283725532e-15,7.767406822887988,0.2697996278562682,1.98
fractal_dp2_N0100_Df2.2_kf1.1_rep05,tunable_fractal,tunable_fractal,,5,5,15568821644048636108,2.0,2.2,1.1,intermediate,prescribed_Df_kf_pair,tunable_fractal|N100|Df2.2|kf1.1,historical_design_core,7.76740682288799,0.0,0.5975725154417746,100,99,True,3.9968028886505635e-15,7.76740682288799,0.16700369715860142,1.98
fractal_dp2_N0100_Df2.6_kf0.8_rep01,tunable_fractal,tunable_fractal,,1,1,1996904935851386561,2.0,2.6,0.8,compact,prescribed_Df_kf_pair,tunable_fractal|N100|Df2.6|kf0.8,historical_design_core,6.404774610527076,2.220446049250313e-16,0.7247075995435852,100,99,True,2.886579864025407e-15,6.404774610527077,0.12145922514897756,1.98
fractal_dp2_N0100_Df2.6_kf0.8_rep02,tunable_fractal,tunable_fractal,,2,2,10830874095565069551,2.0,2.6,0.8,compact,prescribed_Df_kf_pair,tunable_fractal|N100|Df2.6|kf0.8,historical_design_core,6.404774610527076,2.220446049250313e-16,0.7247075995435852,100,99,True,3.9968028886505635e-15,6.404774610527077,0.11867917786424431,1.98
fractal_dp2_N0100_Df2.6_kf0.8_rep03,tunable_fractal,tunable_fractal,,3,3,14506353694340377510,2.0,2.6,0.8,compact,prescribed_Df_kf_pair,tunable_fractal|N100|Df2.6|kf0.8,historical_design_core,6.404774610527076,0.0,0.7247075995435853,100,99,True,3.774758283725532e-15,6.404774610527076,0.11268488927046139,1.98
fractal_dp2_N0100_Df2.6_kf0.8_rep04,tunable_fractal,tunable_fractal,,4,4,18249755396716452442,2.0,2.6,0.8,compact,prescribed_Df_kf_pair,tunable_fractal|N100|Df2.6|kf0.8,historical_design_core,6.404774610527076,0.0,0.7247075995435853,100,99,True,2.6645352591003757e-15,6.404774610527076,0.16124001118715114,1.98
fractal_dp2_N0100_Df2.6_kf0.8_rep05,tunable_fractal,tunable_fractal,,5,5,16570767258939703770,2.0,2.6,0.8,compact,prescribed_Df_kf_pair,tunable_fractal|N100|Df2.6|kf0.8,historical_design_core,6.404774610527076,0.0,0.7247075995435853,100,99,True,4.6629367034256575e-15,6.404774610527076,0.13523686007400726,1.98
fractal_dp2_N0200_Df1.8_kf1.3_rep01,tunable_fractal,tunable_fractal,,1,1,4412270862720807787,2.0,1.8,1.3,open,prescribed_Df_kf_pair,tunable_fractal|N200|Df1.8|kf1.3,historical_design_core,16.40771618684671,2.220446049250313e-16,0.35641983380440395,200,199,True,2.5091040356528538e-14,16.407716186846706,0.2560453425457596,1.99
fractal_dp2_N0200_Df1.8_kf1.3_rep02,tunable_fractal,tunable_fractal,,2,2,5303115464023545948,2.0,1.8,1.3,open,prescribed_Df_kf_pair,tunable_fractal|N200|Df1.8|kf1.3,historical_design_core,16.40771618684671,0.0,0.35641983380440384,200,199,True,1.9984014443252818e-14,16.40771618684671,0.35718205641545164,1.99
fractal_dp2_N0200_Df1.8_kf1.3_rep03,tunable_fractal,tunable_fractal,,3,3,6307244936976992670,2.0,1.8,1.3,open,prescribed_Df_kf_pair,tunable_fractal|N200|Df1.8|kf1.3,historical_design_core,16.40771618684671,2.220446049250313e-16,0.35641983380440395,200,199,True,3.4638958368304884e-14,16.407716186846706,0.2941349958024041,1.99
fractal_dp2_N0200_Df1.8_kf1.3_rep04,tunable_fractal,tunable_fractal,,4,4,18198250583344713956,2.0,1.8,1.3,open,prescribed_Df_kf_pair,tunable_fractal|N200|Df1.8|kf1.3,historical_design_core,16.40771618684671,2.220446049250313e-16,0.35641983380440395,200,199,True,1.4210854715202004e-14,16.407716186846706,0.5816738905942158,1.99
fractal_dp2_N0200_Df1.8_kf1.3_rep05,tunable_fractal,tunable_fractal,,5,5,13471615149441779088,2.0,1.8,1.3,open,prescribed_Df_kf_pair,tunable_fractal|N200|Df1.8|kf1.3,historical_design_core,16.40771618684671,4.440892098500626e-16,0.35641983380440373,200,199,True,9.547918011776346e-15,16.407716186846717,0.43604596039267207,1.99
fractal_dp2_N0200_Df2.2_kf1.1_rep01,tunable_fractal,tunable_fractal,,1,1,4365958574260836887,2.0,2.2,1.1,intermediate,prescribed_Df_kf_pair,tunable_fractal|N200|Df2.2|kf1.1,historical_design_core,10.644073588466364,0.0,0.5494170467557183,200,199,True,5.773159728050814e-15,10.644073588466364,0.3988056437297727,1.99
fractal_dp2_N0200_Df2.2_kf1.1_rep02,tunable_fractal,tunable_fractal,,2,2,4653385720507306012,2.0,2.2,1.1,intermediate,prescribed_Df_kf_pair,tunable_fractal|N200|Df2.2|kf1.1,historical_design_core,10.644073588466364,2.220446049250313e-16,0.5494170467557185,200,199,True,7.549516567451064e-15,10.644073588466362,0.21740357235227326,1.99
fractal_dp2_N0200_Df2.2_kf1.1_rep03,tunable_fractal,tunable_fractal,,3,3,15364615908125043274,2.0,2.2,1.1,intermediate,prescribed_Df_kf_pair,tunable_fractal|N200|Df2.2|kf1.1,historical_design_core,10.644073588466364,3.3306690738754696e-16,0.5494170467557186,200,199,True,4.440892098500626e-15,10.64407358846636,0.18129622196897333,1.99
fractal_dp2_N0200_Df2.2_kf1.1_rep04,tunable_fractal,tunable_fractal,,4,4,12539336361202871823,2.0,2.2,1.1,intermediate,prescribed_Df_kf_pair,tunable_fractal|N200|Df2.2|kf1.1,historical_design_core,10.644073588466364,5.551115123125783e-16,0.5494170467557187,200,199,True,7.105427357601002e-15,10.644073588466359,0.2755541229968229,1.99
fractal_dp2_N0200_Df2.2_kf1.1_rep05,tunable_fractal,tunable_fractal,,5,5,1613945836678328789,2.0,2.2,1.1,intermediate,prescribed_Df_kf_pair,tunable_fractal|N200|Df2.2|kf1.1,historical_design_core,10.644073588466364,2.220446049250313e-16,0.5494170467557185,200,199,True,6.439293542825908e-15,10.644073588466362,0.22117804516802686,1.99
fractal_dp2_N0200_Df2.6_kf0.8_rep01,tunable_fractal,tunable_fractal,,1,1,8424772420781177273,2.0,2.6,0.8,compact,prescribed_Df_kf_pair,tunable_fractal|N200|Df2.6|kf0.8,historical_design_core,8.361508175237887,0.0,0.6993996003907935,200,199,True,4.440892098500626e-15,8.361508175237887,0.09805542817728741,1.99
fractal_dp2_N0200_Df2.6_kf0.8_rep02,tunable_fractal,tunable_fractal,,2,2,2468361963807388368,2.0,2.6,0.8,compact,prescribed_Df_kf_pair,tunable_fractal|N200|Df2.6|kf0.8,historical_design_core,8.361508175237887,4.440892098500626e-16,0.6993996003907939,200,199,True,4.884981308350689e-15,8.361508175237883,0.12471075639441398,1.99
fractal_dp2_N0200_Df2.6_kf0.8_rep03,tunable_fractal,tunable_fractal,,3,3,3253141206605075601,2.0,2.6,0.8,compact,prescribed_Df_kf_pair,tunable_fractal|N200|Df2.6|kf0.8,historical_design_core,8.361508175237887,4.440892098500626e-16,0.6993996003907939,200,199,True,5.329070518200751e-15,8.361508175237883,0.10715086252543493,1.99
fractal_dp2_N0200_Df2.6_kf0.8_rep04,tunable_fractal,tunable_fractal,,4,4,9361272216095541492,2.0,2.6,0.8,compact,prescribed_Df_kf_pair,tunable_fractal|N200|Df2.6|kf0.8,historical_design_core,8.361508175237887,4.440892098500626e-16,0.6993996003907939,200,199,True,3.774758283725532e-15,8.361508175237883,0.12118844683439567,1.99
fractal_dp2_N0200_Df2.6_kf0.8_rep05,tunable_fractal,tunable_fractal,,5,5,1940220970518116113,2.0,2.6,0.8,compact,prescribed_Df_kf_pair,tunable_fractal|N200|Df2.6|kf0.8,historical_design_core,8.361508175237887,8.881784197001252e-16,0.6993996003907941,200,199,True,3.774758283725532e-15,8.36150817523788,0.11558742003435585,1.99
fractal_dp2_N0500_Df1.8_kf1.3_rep01,tunable_fractal,tunable_fractal,,1,1,5538342826594349215,2.0,1.8,1.3,open,prescribed_Df_kf_pair,tunable_fractal|N500|Df1.8|kf1.3,extension_N500,27.29769127612933,1.1102230246251565e-16,0.2907573823571509,500,499,True,4.529709940470639e-14,27.297691276129328,0.5475087442170523,1.996
fractal_dp2_N0500_Df1.8_kf1.3_rep02,tunable_fractal,tunable_fractal,,2,2,8674628314393135051,2.0,1.8,1.3,open,prescribed_Df_kf_pair,tunable_fractal|N500|Df1.8|kf1.3,extension_N500,27.29769127612933,1.1102230246251565e-16,0.2907573823571509,500,499,True,5.218048215738236e-14,27.297691276129328,0.4273456406779663,1.996
fractal_dp2_N0500_Df1.8_kf1.3_rep03,tunable_fractal,tunable_fractal,,3,3,8689569269315085014,2.0,1.8,1.3,open,prescribed_Df_kf_pair,tunable_fractal|N500|Df1.8|kf1.3,extension_N500,27.29769127612933,0.0,0.2907573823571508,500,499,True,4.707345624410664e-14,27.29769127612933,0.5506940540758514,1.996
fractal_dp2_N0500_Df1.8_kf1.3_rep04,tunable_fractal,tunable_fractal,,4,4,17508212301607537647,2.0,1.8,1.3,open,prescribed_Df_kf_pair,tunable_fractal|N500|Df1.8|kf1.3,extension_N500,27.29769127612933,0.0,0.2907573823571508,500,499,True,5.0182080713057076e-14,27.29769127612933,0.4680630659322501,1.996
fractal_dp2_N0500_Df1.8_kf1.3_rep05,tunable_fractal,tunable_fractal,,5,5,10947289009249875646,2.0,1.8,1.3,open,prescribed_Df_kf_pair,tunable_fractal|N500|Df1.8|kf1.3,extension_N500,27.29769127612933,2.220446049250313e-16,0.29075738235715076,500,499,True,6.683542608243442e-14,27.29769127612934,0.4858479935606306,1.996
fractal_dp2_N0500_Df2.2_kf1.1_rep01,tunable_fractal,tunable_fractal,,1,1,6382321590530641046,2.0,2.2,1.1,intermediate,prescribed_Df_kf_pair,tunable_fractal|N500|Df2.2|kf1.1,extension_N500,16.143202349605396,0.0,0.4916623782539038,500,499,True,6.661338147750939e-15,16.143202349605396,0.24756315642231264,1.996
fractal_dp2_N0500_Df2.2_kf1.1_rep02,tunable_fractal,tunable_fractal,,2,2,15818927263363451111,2.0,2.2,1.1,intermediate,prescribed_Df_kf_pair,tunable_fractal|N500|Df2.2|kf1.1,extension_N500,16.143202349605396,0.0,0.4916623782539038,500,499,True,6.217248937900877e-15,16.143202349605396,0.2810743761769048,1.996
fractal_dp2_N0500_Df2.2_kf1.1_rep03,tunable_fractal,tunable_fractal,,3,3,7701601939962125830,2.0,2.2,1.1,intermediate,prescribed_Df_kf_pair,tunable_fractal|N500|Df2.2|kf1.1,extension_N500,16.143202349605396,2.220446049250313e-16,0.4916623782539037,500,499,True,7.549516567451064e-15,16.1432023496054,0.12772680818867022,1.996
fractal_dp2_N0500_Df2.2_kf1.1_rep04,tunable_fractal,tunable_fractal,,4,4,5364858364168520494,2.0,2.2,1.1,intermediate,prescribed_Df_kf_pair,tunable_fractal|N500|Df2.2|kf1.1,extension_N500,16.143202349605396,0.0,0.4916623782539038,500,499,True,7.327471962526033e-15,16.143202349605396,0.2769656554521177,1.996
fractal_dp2_N0500_Df2.2_kf1.1_rep05,tunable_fractal,tunable_fractal,,5,5,9834298397107282610,2.0,2.2,1.1,intermediate,prescribed_Df_kf_pair,tunable_fractal|N500|Df2.2|kf1.1,extension_N500,16.143202349605396,0.0,0.4916623782539038,500,499,True,2.7977620220553945e-14,16.143202349605396,0.36189570706701524,1.996
fractal_dp2_N0500_Df2.6_kf0.8_rep01,tunable_fractal,tunable_fractal,,1,1,1320791493338708276,2.0,2.6,0.8,compact,prescribed_Df_kf_pair,tunable_fractal|N500|Df2.6|kf0.8,extension_N500,11.89428849885937,3.3306690738754696e-16,0.667295505788525,500,499,True,7.549516567451064e-15,11.894288498859366,0.12459616932759576,1.996
fractal_dp2_N0500_Df2.6_kf0.8_rep02,tunable_fractal,tunable_fractal,,2,2,17211063801160630042,2.0,2.6,0.8,compact,prescribed_Df_kf_pair,tunable_fractal|N500|Df2.6|kf0.8,extension_N500,11.89428849885937,0.0,0.6672955057885248,500,499,True,5.551115123125783e-15,11.89428849885937,0.10698601193356361,1.996
fractal_dp2_N0500_Df2.6_kf0.8_rep03,tunable_fractal,tunable_fractal,,3,3,84636345393727894,2.0,2.6,0.8,compact,prescribed_Df_kf_pair,tunable_fractal|N500|Df2.6|kf0.8,extension_N500,11.89428849885937,0.0,0.6672955057885248,500,499,True,7.105427357601002e-15,11.89428849885937,0.11019976598857506,1.996
fractal_dp2_N0500_Df2.6_kf0.8_rep04,tunable_fractal,tunable_fractal,,4,4,16496445435537422723,2.0,2.6,0.8,compact,prescribed_Df_kf_pair,tunable_fractal|N500|Df2.6|kf0.8,extension_N500,11.89428849885937,0.0,0.6672955057885248,500,499,True,8.43769498715119e-15,11.89428849885937,0.10627232198204217,1.996
fractal_dp2_N0500_Df2.6_kf0.8_rep05,tunable_fractal,tunable_fractal,,5,5,2951601637989902081,2.0,2.6,0.8,compact,prescribed_Df_kf_pair,tunable_fractal|N500|Df2.6|kf0.8,extension_N500,11.89428849885937,4.440892098500626e-16,0.6672955057885251,500,499,True,1.1324274851176597e-14,11.894288498859364,0.09173822096820305,1.996
