case,n,df,sampling,rays,rotation,mean,reference_mean,absolute_mean_difference,maximum_particle_difference
fractal_dp1_N0050_Df1.8_kf1.3_rep01,50,1.8,fibonacci,512,0,0.719765625,0.7200537109375,0.00028808593750007105,0.0159912109375
fractal_dp1_N0050_Df1.8_kf1.3_rep01,50,1.8,fibonacci,2048,0,0.719755859375,0.7200537109375,0.00029785156250006217,0.006103515625
fractal_dp1_N0050_Df1.8_kf1.3_rep01,50,1.8,fibonacci,4096,0,0.7202197265625,0.7200537109375,0.00016601562499996003,0.0025634765625
fractal_dp1_N0050_Df1.8_kf1.3_rep01,50,1.8,fibonacci,8192,0,0.7200537109375,0.7200537109375,0.0,0.0
fractal_dp1_N0050_Df1.8_kf1.3_rep01,50,1.8,fibonacci,2048,1,0.72009765625,0.7200537109375,4.394531249996003e-05,0.0068359375
fractal_dp1_N0050_Df1.8_kf1.3_rep01,50,1.8,fibonacci,2048,2,0.72005859375,0.7200537109375,4.882812499995559e-06,0.00390625
fractal_dp1_N0050_Df2.2_kf1.1_rep01,50,2.2,fibonacci,512,0,0.63015625,0.6311669921875,0.00101074218750008,0.0147705078125
fractal_dp1_N0050_Df2.2_kf1.1_rep01,50,2.2,fibonacci,2048,0,0.6309765625,0.6311669921875,0.00019042968750004885,0.0054931640625
fractal_dp1_N0050_Df2.2_kf1.1_rep01,50,2.2,fibonacci,4096,0,0.630966796875,0.6311669921875,0.00020019531250003997,0.003173828125
fractal_dp1_N0050_Df2.2_kf1.1_rep01,50,2.2,fibonacci,8192,0,0.6311669921875,0.6311669921875,0.0,0.0
fractal_dp1_N0050_Df2.2_kf1.1_rep01,50,2.2,fibonacci,2048,1,0.630654296875,0.6311669921875,0.0005126953125000888,0.0068359375
fractal_dp1_N0050_Df2.2_kf1.1_rep01,50,2.2,fibonacci,2048,2,0.631220703125,0.6311669921875,5.371093749995115e-05,0.006103515625
fractal_dp1_N0050_Df2.6_kf0.8_rep01,50,2.6,fibonacci,512,0,0.5851953125,0.58576416015625,0.0005688476562499822,0.0150146484375
fractal_dp1_N0050_Df2.6_kf0.8_rep01,50,2.6,fibonacci,2048,0,0.585478515625,0.58576416015625,0.00028564453125001776,0.0052490234375
fractal_dp1_N0050_Df2.6_kf0.8_rep01,50,2.6,fibonacci,4096,0,0.585615234375,0.58576416015625,0.00014892578125003109,0.0040283203125
fractal_dp1_N0050_Df2.6_kf0.8_rep01,50,2.6,fibonacci,8192,0,0.58576416015625,0.58576416015625,0.0,0.0
fractal_dp1_N0050_Df2.6_kf0.8_rep01,50,2.6,fibonacci,2048,1,0.5858203125,0.58576416015625,5.615234375000444e-05,0.005859375
fractal_dp1_N0050_Df2.6_kf0.8_rep01,50,2.6,fibonacci,2048,2,0.585595703125,0.58576416015625,0.00016845703125001332,0.0076904296875
fractal_dp1_N0100_Df1.8_kf1.3_rep01,100,1.8,fibonacci,512,0,0.66087890625,0.661678466796875,0.0007995605468750222,0.0142822265625
fractal_dp1_N0100_Df1.8_kf1.3_rep01,100,1.8,fibonacci,2048,0,0.6616162109375,0.661678466796875,6.225585937502665e-05,0.0054931640625
fractal_dp1_N0100_Df1.8_kf1.3_rep01,100,1.8,fibonacci,4096,0,0.6617578125,0.661678466796875,7.934570312495559e-05,0.00341796875
fractal_dp1_N0100_Df1.8_kf1.3_rep01,100,1.8,fibonacci,8192,0,0.661678466796875,0.661678466796875,0.0,0.0
fractal_dp1_N0100_Df1.8_kf1.3_rep01,100,1.8,fibonacci,2048,1,0.661376953125,0.661678466796875,0.0003015136718750311,0.00732421875
fractal_dp1_N0100_Df1.8_kf1.3_rep01,100,1.8,fibonacci,2048,2,0.661787109375,0.661678466796875,0.00010864257812492895,0.005126953125
fractal_dp1_N0100_Df2.2_kf1.1_rep01,100,2.2,fibonacci,512,0,0.58845703125,0.588511962890625,5.4931640624977796e-05,0.0194091796875
fractal_dp1_N0100_Df2.2_kf1.1_rep01,100,2.2,fibonacci,2048,0,0.588515625,0.588511962890625,3.6621093749689138e-06,0.0079345703125
fractal_dp1_N0100_Df2.2_kf1.1_rep01,100,2.2,fibonacci,4096,0,0.58850341796875,0.588511962890625,8.544921874964473e-06,0.00390625
fractal_dp1_N0100_Df2.2_kf1.1_rep01,100,2.2,fibonacci,8192,0,0.588511962890625,0.588511962890625,0.0,0.0
fractal_dp1_N0100_Df2.2_kf1.1_rep01,100,2.2,fibonacci,2048,1,0.588466796875,0.588511962890625,4.516601562498668e-05,0.0076904296875
fractal_dp1_N0100_Df2.2_kf1.1_rep01,100,2.2,fibonacci,2048,2,0.588818359375,0.588511962890625,0.00030639648437502665,0.0068359375
fractal_dp1_N0100_Df2.6_kf0.8_rep01,100,2.6,fibonacci,512,0,0.52859375,0.527255859375,0.0013378906250000044,0.0169677734375
fractal_dp1_N0100_Df2.6_kf0.8_rep01,100,2.6,fibonacci,2048,0,0.527119140625,0.527255859375,0.00013671874999998668,0.0084228515625
fractal_dp1_N0100_Df2.6_kf0.8_rep01,100,2.6,fibonacci,4096,0,0.52737548828125,0.527255859375,0.00011962890625005773,0.0047607421875
fractal_dp1_N0100_Df2.6_kf0.8_rep01,100,2.6,fibonacci,8192,0,0.527255859375,0.527255859375,0.0,0.0
fractal_dp1_N0100_Df2.6_kf0.8_rep01,100,2.6,fibonacci,2048,1,0.527177734375,0.527255859375,7.812499999992895e-05,0.006103515625
fractal_dp1_N0100_Df2.6_kf0.8_rep01,100,2.6,fibonacci,2048,2,0.5272705078125,0.527255859375,1.4648437499986677e-05,0.0054931640625
fractal_dp1_N0200_Df1.8_kf1.3_rep01,200,1.8,fibonacci,512,0,0.647060546875,0.6475042724609374,0.0004437255859374156,0.021240234375
fractal_dp1_N0200_Df1.8_kf1.3_rep01,200,1.8,fibonacci,2048,0,0.64782958984375,0.6475042724609374,0.0003253173828126066,0.00830078125
fractal_dp1_N0200_Df1.8_kf1.3_rep01,200,1.8,fibonacci,4096,0,0.64750732421875,0.6475042724609374,3.0517578125666134e-06,0.0059814453125
fractal_dp1_N0200_Df1.8_kf1.3_rep01,200,1.8,fibonacci,8192,0,0.6475042724609374,0.6475042724609374,0.0,0.0
fractal_dp1_N0200_Df1.8_kf1.3_rep01,200,1.8,fibonacci,2048,1,0.64759521484375,0.6475042724609374,9.09423828125977e-05,0.009033203125
fractal_dp1_N0200_Df1.8_kf1.3_rep01,200,1.8,fibonacci,2048,2,0.64767822265625,0.6475042724609374,0.0001739501953125222,0.0093994140625
fractal_dp1_N0200_Df2.2_kf1.1_rep01,200,2.2,fibonacci,512,0,0.53369140625,0.533497314453125,0.00019409179687501776,0.0203857421875
fractal_dp1_N0200_Df2.2_kf1.1_rep01,200,2.2,fibonacci,2048,0,0.53330078125,0.533497314453125,0.00019653320312496003,0.010986328125
fractal_dp1_N0200_Df2.2_kf1.1_rep01,200,2.2,fibonacci,4096,0,0.53349853515625,0.533497314453125,1.2207031250266454e-06,0.0050048828125
fractal_dp1_N0200_Df2.2_kf1.1_rep01,200,2.2,fibonacci,8192,0,0.533497314453125,0.533497314453125,0.0,0.0
fractal_dp1_N0200_Df2.2_kf1.1_rep01,200,2.2,fibonacci,2048,1,0.53378662109375,0.533497314453125,0.0002893066406249867,0.00732421875
fractal_dp1_N0200_Df2.2_kf1.1_rep01,200,2.2,fibonacci,2048,2,0.53353515625,0.533497314453125,3.784179687504885e-05,0.00830078125
fractal_dp1_N0200_Df2.6_kf0.8_rep01,200,2.6,fibonacci,512,0,0.460458984375,0.4606890869140625,0.00023010253906252665,0.0240478515625
fractal_dp1_N0200_Df2.6_kf0.8_rep01,200,2.6,fibonacci,2048,0,0.4605615234375,0.4606890869140625,0.00012756347656250888,0.00634765625
fractal_dp1_N0200_Df2.6_kf0.8_rep01,200,2.6,fibonacci,4096,0,0.46092529296875,0.4606890869140625,0.00023620605468749334,0.0048828125
fractal_dp1_N0200_Df2.6_kf0.8_rep01,200,2.6,fibonacci,8192,0,0.4606890869140625,0.4606890869140625,0.0,0.0
fractal_dp1_N0200_Df2.6_kf0.8_rep01,200,2.6,fibonacci,2048,1,0.4610009765625,0.4606890869140625,0.00031188964843748,0.010986328125
fractal_dp1_N0200_Df2.6_kf0.8_rep01,200,2.6,fibonacci,2048,2,0.460615234375,0.4606890869140625,7.385253906250222e-05,0.00927734375
fractal_dp1_N0500_Df1.8_kf1.3_rep01,500,1.8,fibonacci,512,0,0.5969375,0.596656982421875,0.00028051757812497247,0.02099609375
fractal_dp1_N0500_Df1.8_kf1.3_rep01,500,1.8,fibonacci,2048,0,0.5966337890625,0.596656982421875,2.3193359375062172e-05,0.009765625
fractal_dp1_N0500_Df1.8_kf1.3_rep01,500,1.8,fibonacci,4096,0,0.5967041015625,0.596656982421875,4.711914062494049e-05,0.005615234375
fractal_dp1_N0500_Df1.8_kf1.3_rep01,500,1.8,fibonacci,8192,0,0.596656982421875,0.596656982421875,0.0,0.0
fractal_dp1_N0500_Df1.8_kf1.3_rep01,500,1.8,fibonacci,2048,1,0.596751953125,0.596656982421875,9.497070312491918e-05,0.00927734375
fractal_dp1_N0500_Df1.8_kf1.3_rep01,500,1.8,fibonacci,2048,2,0.5965810546875,0.596656982421875,7.592773437503642e-05,0.009521484375
fractal_dp1_N0500_Df2.2_kf1.1_rep01,500,2.2,fibonacci,512,0,0.4806953125,0.480440185546875,0.00025512695312501776,0.0240478515625
fractal_dp1_N0500_Df2.2_kf1.1_rep01,500,2.2,fibonacci,2048,0,0.4804375,0.480440185546875,2.6855468749920064e-06,0.0086669921875
fractal_dp1_N0500_Df2.2_kf1.1_rep01,500,2.2,fibonacci,4096,0,0.480408203125,0.480440185546875,3.198242187502087e-05,0.0078125
fractal_dp1_N0500_Df2.2_kf1.1_rep01,500,2.2,fibonacci,8192,0,0.480440185546875,0.480440185546875,0.0,0.0
fractal_dp1_N0500_Df2.2_kf1.1_rep01,500,2.2,fibonacci,2048,1,0.4805771484375,0.480440185546875,0.0001369628906249809,0.0091552734375
fractal_dp1_N0500_Df2.2_kf1.1_rep01,500,2.2,fibonacci,2048,2,0.480318359375,0.480440185546875,0.00012182617187500577,0.0106201171875
fractal_dp1_N0500_Df2.6_kf0.8_rep01,500,2.6,fibonacci,512,0,0.3912109375,0.390940185546875,0.00027075195312503686,0.022216796875
fractal_dp1_N0500_Df2.6_kf0.8_rep01,500,2.6,fibonacci,2048,0,0.390857421875,0.390940185546875,8.276367187498579e-05,0.009033203125
fractal_dp1_N0500_Df2.6_kf0.8_rep01,500,2.6,fibonacci,4096,0,0.39097412109375,0.390940185546875,3.39355468750302e-05,0.0074462890625
fractal_dp1_N0500_Df2.6_kf0.8_rep01,500,2.6,fibonacci,8192,0,0.390940185546875,0.390940185546875,0.0,0.0
fractal_dp1_N0500_Df2.6_kf0.8_rep01,500,2.6,fibonacci,2048,1,0.3911455078125,0.390940185546875,0.00020532226562502975,0.0087890625
fractal_dp1_N0500_Df2.6_kf0.8_rep01,500,2.6,fibonacci,2048,2,0.3909736328125,0.390940185546875,3.3447265625041744e-05,0.0091552734375
