case,n,steps,final_time_s,initial_bonds,final_bonds,bonds_unchanged,particle_snapshots,bond_snapshots,initial_ke_fJ,final_ke_fJ,ke_ratio,aligned_rms_displacement_over_diameter,relative_rg_change,max_overlap_over_diameter,passed
bpca_N0050_sample01,50,20000,2e-06,49,49,True,3,3,3.8738900759978726e-05,3.1016206013575364e-10,8.006475507848767e-06,1.5890977831050382e-05,-7.802647338239765e-07,1.6210050191034497e-08,True
bpca_N0050_sample02,50,20000,2e-06,49,49,True,3,3,4.214116967846994e-05,1.8320935753449174e-10,4.347514768392725e-06,1.619170781868798e-05,3.754479527273702e-08,2.071470983633361e-08,True
bpca_N0050_sample03,50,20000,2e-06,49,49,True,3,3,4.653592056553115e-05,3.3062738375507773e-10,7.10477798090388e-06,1.6053017815569814e-05,9.171923254225334e-07,1.914723546381225e-08,True
bpca_N0050_sample04,50,20000,2e-06,49,49,True,3,3,4.023487692735369e-05,5.727417400535728e-10,1.423495692773436e-05,1.7774284142575157e-05,-2.6379987749791667e-08,1.813434069575237e-08,True
bpca_N0050_sample05,50,20000,2e-06,49,49,True,3,3,5.195906891916641e-05,5.687051018279284e-10,1.0945251977333782e-05,1.9182655146056987e-05,7.264214931801405e-07,1.6271286651381445e-08,True
bpca_N0050_sample06,50,20000,2e-06,49,49,True,3,3,4.232286953231568e-05,4.013738295348912e-10,9.483615689820411e-06,1.4509424452405489e-05,9.485674001830091e-08,1.2633420642949034e-08,True
bpca_N0050_sample07,50,20000,2e-06,49,49,True,3,3,3.526191820238122e-05,5.391862766427133e-10,1.5290894657180117e-05,1.6827987852555243e-05,-7.363983945962715e-07,3.186645158859136e-08,True
bpca_N0050_sample08,50,20000,2e-06,49,49,True,3,3,3.62916777542598e-05,4.452050920964928e-10,1.2267415552157437e-05,1.2533176347511956e-05,5.8274289171933447e-08,1.7267898555495265e-08,True
bpca_N0050_sample09,50,20000,2e-06,49,49,True,3,3,4.317953136194766e-05,4.2737267493494454e-10,9.897575574698582e-06,1.4599229908840913e-05,6.284261089284371e-08,1.762322199283517e-08,True
bpca_N0050_sample10,50,20000,2e-06,49,49,True,3,3,5.02022794546199e-05,4.6438777673791955e-10,9.250332490533633e-06,2.1296543567344196e-05,2.3233541250888834e-06,1.1269014055237392e-08,True
bpca_N0050_sample11,50,20000,2e-06,49,49,True,3,3,4.726520725838937e-05,4.170609245182519e-10,8.823846307036461e-06,1.3830262365109274e-05,-1.178303651316881e-07,1.3544262600362345e-08,True
bpca_N0050_sample12,50,20000,2e-06,49,49,True,3,3,4.4778648491089194e-05,2.369706853954453e-10,5.2920463966794725e-06,2.3942547491197345e-05,-1.2844329588812542e-07,2.465246662364251e-08,True
bpca_N0050_sample13,50,20000,2e-06,49,49,True,3,3,3.3438652263386654e-05,1.6529090283746032e-10,4.943108996604031e-06,1.4772906985091591e-05,2.108800651878795e-07,2.2752653427993152e-08,True
bpca_N0050_sample14,50,20000,2e-06,49,49,True,3,3,4.859836692011194e-05,4.073223902147698e-10,8.381400775963186e-06,2.620864267468574e-05,5.491567409698916e-07,2.0597814343048526e-08,True
bpca_N0050_sample15,50,20000,2e-06,49,49,True,3,3,4.138282332755839e-05,4.392373474838465e-10,1.0614001466433097e-05,1.5945919241849842e-05,-2.0089118668575878e-07,2.37796177193772e-08,True
bpca_N0100_sample01,100,20000,2e-06,99,99,True,3,3,9.212737666578253e-05,6.150843102081251e-10,6.6764552782123945e-06,2.2177563674809267e-05,5.675952938766216e-07,1.5393573971067553e-08,True
bpca_N0100_sample02,100,20000,2e-06,99,99,True,3,3,7.51693711333399e-05,8.037506057879507e-10,1.0692528002691548e-05,1.9627987581957622e-05,4.6556326682711813e-07,2.916239250083663e-08,True
bpca_N0100_sample03,100,20000,2e-06,99,99,True,3,3,8.869511024726248e-05,6.776977809483279e-10,7.640756960096846e-06,1.9851781564619325e-05,6.727530077466071e-07,1.6530381841128872e-08,True
bpca_N0100_sample04,100,20000,2e-06,99,99,True,3,3,0.0001009085481889018,6.094901401498822e-10,6.040024864978838e-06,2.3394282143591215e-05,-1.2694016227055016e-07,3.5523770591794346e-08,True
bpca_N0100_sample05,100,20000,2e-06,99,99,True,3,3,9.074233005918184e-05,7.996556555577545e-10,8.812377366067432e-06,2.1018738915591235e-05,-3.9199588441896083e-07,2.9833973957948956e-08,True
bpca_N0100_sample06,100,20000,2e-06,99,99,True,3,3,8.309364020066307e-05,6.741422577386584e-10,8.113042780538564e-06,1.6426150649487773e-05,-6.26666068037629e-07,4.696377797763773e-08,True
bpca_N0100_sample07,100,20000,2e-06,99,99,True,3,3,8.704297841573226e-05,6.244111638424457e-10,7.173596023566086e-06,1.9661699165174233e-05,-3.898035668692401e-07,4.046827728476643e-08,True
bpca_N0100_sample08,100,20000,2e-06,99,99,True,3,3,8.288592643198559e-05,9.97420490077944e-10,1.2033653154572699e-05,2.0630549274760818e-05,-6.344073204544998e-07,3.6582584295175025e-08,True
bpca_N0100_sample09,100,20000,2e-06,99,99,True,3,3,8.526868717765985e-05,1.1238328474947904e-09,1.3179900907272691e-05,1.6692973788845636e-05,-5.049881772745124e-07,2.823933753504093e-08,True
bpca_N0100_sample10,100,20000,2e-06,99,99,True,3,3,9.429223493181997e-05,1.0073391463411933e-09,1.0683161206960166e-05,2.072475159492092e-05,-2.8659739081948743e-07,4.2618969353647174e-08,True
bpca_N0100_sample11,100,20000,2e-06,99,99,True,3,3,8.511735551406098e-05,7.056746689746555e-10,8.290608474767303e-06,2.2961641642027975e-05,2.782812520418787e-07,2.1045545861575476e-08,True
bpca_N0100_sample12,100,20000,2e-06,99,99,True,3,3,8.635726092720518e-05,1.121267855319426e-09,1.298405997689758e-05,2.111225723260732e-05,-4.777909383690826e-07,2.111077979094489e-08,True
bpca_N0100_sample13,100,20000,2e-06,99,99,True,3,3,9.540431438361424e-05,1.3545498876148877e-09,1.4197994046352401e-05,2.7034199882649656e-05,1.5049971811009755e-06,1.846056341126001e-08,True
bpca_N0100_sample14,100,20000,2e-06,99,99,True,3,3,8.653893230676384e-05,7.464091266838711e-10,8.625125209980574e-06,2.0906573116787995e-05,-1.1110703845851333e-07,5.669850811074184e-08,True
bpca_N0100_sample15,100,20000,2e-06,99,99,True,3,3,9.566883633751002e-05,6.619896506391406e-10,6.919595512834585e-06,1.8855980496385867e-05,9.178071724846859e-08,1.7349900738317103e-08,True
bpca_N0200_sample01,200,20000,2e-06,199,199,True,3,3,0.00016501294021677507,1.7550478575376254e-09,1.063581956198129e-05,2.4546620434252838e-05,-5.161371869899511e-07,3.060147724109896e-08,True
bpca_N0200_sample02,200,20000,2e-06,199,199,True,3,3,0.00016450582706440076,1.6766615140261728e-09,1.019211017595014e-05,1.8580945793760714e-05,2.087521200344611e-08,3.5882847915225113e-08,True
bpca_N0200_sample03,200,20000,2e-06,199,199,True,3,3,0.00017676448698884453,1.5892019161491795e-09,8.990504502465322e-06,1.9259360976971665e-05,-2.329925646860076e-07,5.302457317668541e-08,True
bpca_N0200_sample04,200,20000,2e-06,199,199,True,3,3,0.00017853694598646345,1.5941575812726074e-09,8.92900666842075e-06,2.5360797266529282e-05,-1.2280491719085518e-06,6.0818618141667e-08,True
bpca_N0200_sample05,200,20000,2e-06,199,199,True,3,3,0.00017413481575018588,1.6001649344025692e-09,9.18923035298219e-06,2.1003826964479393e-05,-1.2352073730514945e-07,4.4220208383904946e-08,True
bpca_N0200_sample06,200,20000,2e-06,199,199,True,3,3,0.00017289103215890813,2.0576013420433758e-09,1.1901145573312253e-05,2.3040587553674418e-05,2.8552884412391677e-07,5.132106239980061e-08,True
bpca_N0200_sample07,200,20000,2e-06,199,199,True,3,3,0.00017910535590853652,1.596827354989995e-09,8.91557567829208e-06,1.697297815163707e-05,-4.0211579299676004e-07,6.869533919484638e-08,True
bpca_N0200_sample08,200,20000,2e-06,199,199,True,3,3,0.00017558633240496148,1.3947372385194218e-09,7.943313237517177e-06,2.0135573527006532e-05,-6.873380232752524e-07,5.2377055803631833e-08,True
bpca_N0200_sample09,200,20000,2e-06,199,199,True,3,3,0.0001801887010963143,1.8322856331322667e-09,1.0168704374825783e-05,2.602086733629079e-05,8.794484340768349e-08,3.3051605674572215e-08,True
bpca_N0200_sample10,200,20000,2e-06,199,199,True,3,3,0.000188877971831567,1.2893670638004571e-09,6.826455469091216e-06,2.1218133629763643e-05,1.0532962280151992e-07,3.7473949943134244e-08,True
bpca_N0200_sample11,200,20000,2e-06,199,199,True,3,3,0.00016200974337765805,1.414140315872313e-09,8.728736225301188e-06,1.7263440534307818e-05,-9.870982609072598e-08,6.400964147612598e-08,True
bpca_N0200_sample12,200,20000,2e-06,199,199,True,3,3,0.00017755958113935868,1.6202868659037587e-09,9.125313629975658e-06,2.4432636535631597e-05,-9.198488516437564e-07,6.929605944616668e-08,True
bpca_N0200_sample13,200,20000,2e-06,199,199,True,3,3,0.0001880969671832035,2.0080091394870838e-09,1.0675393492821787e-05,2.3275506985718066e-05,2.2940938970705815e-07,2.987879221816314e-08,True
bpca_N0200_sample14,200,20000,2e-06,199,199,True,3,3,0.00017693091164648725,1.737756705118756e-09,9.821668180802917e-06,2.263881294890645e-05,8.855484034953065e-08,3.79935650718366e-08,True
bpca_N0200_sample15,200,20000,2e-06,199,199,True,3,3,0.00018273264685354036,1.984500978245741e-09,1.0860133711281008e-05,1.9140601540700623e-05,-1.6547002834599311e-07,4.612952830829187e-08,True
bpca_N0500_sample01,500,20000,2e-06,499,499,True,3,3,0.0004450668406194506,4.2552543143271726e-09,9.560933158724308e-06,2.1841983614302475e-05,2.097512608045804e-07,4.1110346127304354e-08,True
bpca_N0500_sample02,500,20000,2e-06,499,499,True,3,3,0.0004524583333257164,4.4304972511933515e-09,9.792055809045997e-06,2.2232449081432285e-05,-2.996754276951563e-07,7.107343169554525e-08,True
bpca_N0500_sample03,500,20000,2e-06,499,499,True,3,3,0.00046604123343644806,3.811541512790906e-09,8.178549963671121e-06,2.0208407125104503e-05,-2.7804532476416455e-07,6.782176387165606e-08,True
bpca_N0500_sample04,500,20000,2e-06,499,499,True,3,3,0.00045632416036494455,3.874604056816313e-09,8.490902725197816e-06,2.480946551897024e-05,1.5946304343650297e-07,7.97309318567585e-08,True
bpca_N0500_sample05,500,20000,2e-06,499,499,True,3,3,0.00043250777098727733,4.303561935028553e-09,9.950253437539153e-06,2.330026304599325e-05,-1.9049707178364628e-07,6.783532680021409e-08,True
bpca_N0500_sample06,500,20000,2e-06,499,499,True,3,3,0.0004782236357221935,4.744375481574546e-09,9.920830187344854e-06,2.2910835039294102e-05,1.1000956257056771e-07,4.392428076815946e-08,True
bpca_N0500_sample07,500,20000,2e-06,499,499,True,3,3,0.000474844735161062,4.8912836713527485e-09,1.0300806367145843e-05,2.3695630850992656e-05,-1.1391483356604226e-07,4.889346227887614e-08,True
bpca_N0500_sample08,500,20000,2e-06,499,499,True,3,3,0.000467879740735822,3.4308754997484406e-09,7.332814826204687e-06,2.436587797425692e-05,6.263068130785143e-08,3.4105153923214004e-08,True
bpca_N0500_sample09,500,20000,2e-06,499,499,True,3,3,0.00045459637587277175,5.147117978797095e-09,1.1322391140745968e-05,2.1962585542299324e-05,-1.4628125477589293e-07,9.304093351314435e-08,True
bpca_N0500_sample10,500,20000,2e-06,499,499,True,3,3,0.0004741228716084678,4.076468817605144e-09,8.597916408832319e-06,2.3073570971288334e-05,2.3643819990759596e-07,5.897908461616197e-08,True
bpca_N0500_sample11,500,20000,2e-06,499,499,True,3,3,0.0004540905542080465,4.326466430675915e-09,9.52776134756086e-06,2.3168641870048817e-05,1.6877341191268158e-07,6.930220219913963e-08,True
bpca_N0500_sample12,500,20000,2e-06,499,499,True,3,3,0.00044815456664908245,4.3350218547420155e-09,9.673050722556753e-06,2.294149550304463e-05,-1.0921314785861114e-07,8.337017765036592e-08,True
bpca_N0500_sample13,500,20000,2e-06,499,499,True,3,3,0.00042692354186742415,3.995651910166766e-09,9.359174461753075e-06,2.1782605374951183e-05,2.3549242555986893e-09,8.809872786841311e-08,True
bpca_N0500_sample14,500,20000,2e-06,499,499,True,3,3,0.0004544195930140363,4.014206080117101e-09,8.833699386710002e-06,2.3067432299576942e-05,-2.719761129643672e-07,4.9291723036581914e-08,True
bpca_N0500_sample15,500,20000,2e-06,499,499,True,3,3,0.00045650210789015456,5.061183755538187e-09,1.1086879267501719e-05,2.588836806057311e-05,-1.66448852478851e-07,7.18145440892215e-08,True
bcca_N0050_sample01,50,20000,2e-06,49,49,True,3,3,4.4715220788798954e-05,2.2313980442604341e-10,4.9902427068399795e-06,1.4331233977225687e-05,-8.582045888383405e-07,2.8448353117660474e-08,True
bcca_N0050_sample02,50,20000,2e-06,49,49,True,3,3,4.3394723437610935e-05,2.3606191351358907e-10,5.439875976003807e-06,1.637435832656179e-05,1.1690522618845733e-06,1.1641922759153545e-08,True
bcca_N0050_sample03,50,20000,2e-06,49,49,True,3,3,4.619108207203232e-05,4.5643213609632765e-10,9.881390857753627e-06,2.275981775920083e-05,3.941241664362494e-06,1.556016615555933e-08,True
bcca_N0050_sample04,50,20000,2e-06,49,49,True,3,3,4.6872086421896774e-05,2.6852737388125367e-10,5.728940066039142e-06,2.074216906997414e-05,1.332464760972485e-06,2.2011816591671618e-08,True
bcca_N0050_sample05,50,20000,2e-06,49,49,True,3,3,4.870004095995175e-05,5.978900475860187e-10,1.2276992704743117e-05,1.529925136409952e-05,1.465798418198716e-07,2.5177779860996452e-08,True
bcca_N0050_sample06,50,20000,2e-06,49,49,True,3,3,3.668741425449503e-05,3.605124465537015e-10,9.826597318984688e-06,1.910347626204807e-05,4.5425387007469453e-07,1.780729197431441e-08,True
bcca_N0050_sample07,50,20000,2e-06,49,49,True,3,3,4.209433283919371e-05,2.2890786377231807e-10,5.437973435682623e-06,2.1320211602441192e-05,-7.57611795410007e-07,1.9232302306271265e-08,True
bcca_N0050_sample08,50,20000,2e-06,49,49,True,3,3,4.456642339209636e-05,4.692575950690457e-10,1.0529397679964292e-05,1.4962262156254733e-05,5.056580238971264e-07,1.8547536506652307e-08,True
bcca_N0050_sample09,50,20000,2e-06,49,49,True,3,3,4.847776549836591e-05,4.601388419203918e-10,9.491750232091496e-06,1.8891416149401772e-05,1.5206820676016974e-06,2.242775154481791e-08,True
bcca_N0050_sample10,50,20000,2e-06,49,49,True,3,3,4.0568055863418324e-05,1.5798261478798433e-10,3.894261418882607e-06,1.5790015220591575e-05,-1.404639666691132e-06,1.9115850347084518e-08,True
bcca_N0050_sample11,50,20000,2e-06,49,49,True,3,3,3.2664780957346207e-05,4.5165699276628646e-10,1.3827032648896739e-05,1.7319135449984472e-05,4.715788692877254e-07,1.4209156296018932e-08,True
bcca_N0050_sample12,50,20000,2e-06,49,49,True,3,3,4.228054598139809e-05,2.8372078110458244e-10,6.710433238714782e-06,2.258050174402121e-05,-1.211347737339885e-06,2.2858613890619495e-08,True
bcca_N0050_sample13,50,20000,2e-06,49,49,True,3,3,4.1748361228961796e-05,2.339856347774654e-10,5.604666336343382e-06,2.729127731980604e-05,-1.4690069520817417e-06,1.58329195310003e-08,True
bcca_N0050_sample14,50,20000,2e-06,49,49,True,3,3,4.31299643617411e-05,3.971794991306529e-10,9.20889931184305e-06,1.5155828358548663e-05,-3.9174308430478533e-07,1.6377890488250557e-08,True
bcca_N0050_sample15,50,20000,2e-06,49,49,True,3,3,3.493400754212216e-05,3.381052324446638e-10,9.678398106400726e-06,1.4813858698847998e-05,1.2852286834785787e-07,1.603336929889565e-08,True
bcca_N0100_sample01,100,20000,2e-06,99,99,True,3,3,8.067824525708203e-05,5.688509556122456e-10,7.0508592966988355e-06,2.0709468926560892e-05,5.931143851611864e-07,1.9706511311667896e-08,True
bcca_N0100_sample02,100,20000,2e-06,99,99,True,3,3,0.00010032802094215168,5.815330940038419e-10,5.796317803768392e-06,2.5158787055764778e-05,-4.673240433517023e-07,2.7722632522930724e-08,True
bcca_N0100_sample03,100,20000,2e-06,99,99,True,3,3,9.013919061305125e-05,4.5369186789165736e-10,5.033236540133381e-06,1.9305094343371273e-05,-2.4436946532979675e-07,2.4746567239830597e-08,True
bcca_N0100_sample04,100,20000,2e-06,99,99,True,3,3,9.967609466803783e-05,5.917964881023636e-10,5.9371957747069445e-06,2.6723984623516914e-05,6.829392538154622e-07,3.9706060217525874e-08,True
bcca_N0100_sample05,100,20000,2e-06,99,99,True,3,3,7.47651120121508e-05,3.966301330155627e-10,5.305016234725931e-06,1.740619728051994e-05,-8.383220417851334e-08,1.3413803845452321e-08,True
bcca_N0100_sample06,100,20000,2e-06,99,99,True,3,3,8.852840678186898e-05,6.678250951865947e-10,7.543624916148026e-06,2.2697187040297377e-05,1.1156187826877328e-06,1.8446411731432022e-08,True
bcca_N0100_sample07,100,20000,2e-06,99,99,True,3,3,9.525283086270644e-05,4.2442956519823195e-10,4.455821011870896e-06,2.1491055022017705e-05,-4.815430859617109e-07,2.5838143291601057e-08,True
bcca_N0100_sample08,100,20000,2e-06,99,99,True,3,3,9.0081762975495e-05,1.1062889663961665e-09,1.2280942666465251e-05,2.5014470594801694e-05,6.829642635874933e-07,1.6578273420719825e-08,True
bcca_N0100_sample09,100,20000,2e-06,99,99,True,3,3,8.995736527206172e-05,8.613371142284121e-10,9.574948217118578e-06,2.3238025245801692e-05,6.46178091923133e-07,1.0788280713214249e-08,True
bcca_N0100_sample10,100,20000,2e-06,99,99,True,3,3,8.503371159747797e-05,5.99575606908141e-10,7.051034179789042e-06,2.1378224664839288e-05,-6.434320662940252e-07,1.2392712744890844e-08,True
bcca_N0100_sample11,100,20000,2e-06,99,99,True,3,3,8.646450960184521e-05,6.039973879813999e-10,6.98549486676913e-06,1.9920585821412714e-05,5.303020969016359e-07,2.5252784974227893e-08,True
bcca_N0100_sample12,100,20000,2e-06,99,99,True,3,3,9.511766417470565e-05,5.386008876509946e-10,5.662469661384127e-06,1.895847342323767e-05,8.528584649614146e-07,3.3896436102409666e-08,True
bcca_N0100_sample13,100,20000,2e-06,99,99,True,3,3,8.480916103546909e-05,9.041278002032815e-10,1.0660732745901766e-05,2.153061041378165e-05,-2.3621208987689712e-06,2.6285989274121846e-08,True
bcca_N0100_sample14,100,20000,2e-06,99,99,True,3,3,9.134771203818178e-05,8.850487599953169e-10,9.68878957390177e-06,2.608020253374879e-05,8.41982749744119e-07,2.7998282692287546e-08,True
bcca_N0100_sample15,100,20000,2e-06,99,99,True,3,3,9.278738250735453e-05,6.954491803802577e-10,7.495083507988113e-06,1.7539170127661954e-05,9.98037604560409e-07,2.0027707048342336e-08,True
bcca_N0200_sample01,200,20000,2e-06,199,199,True,3,3,0.00017859433100326973,1.5062036566572291e-09,8.433658830019937e-06,2.3830564559736312e-05,-1.9998603373316826e-07,2.4264735665191495e-08,True
bcca_N0200_sample02,200,20000,2e-06,199,199,True,3,3,0.00017472984086042408,1.1951303890787603e-09,6.839875680041638e-06,2.148402110033758e-05,1.0321025789572502e-07,3.0229333813913684e-08,True
bcca_N0200_sample03,200,20000,2e-06,199,199,True,3,3,0.00017291852977186907,1.5455469921392935e-09,8.93800678376302e-06,2.3242913327699354e-05,1.4068197917715963e-07,6.140051045377959e-08,True
bcca_N0200_sample04,200,20000,2e-06,199,199,True,3,3,0.00019030743810909357,1.3267261464022594e-09,6.971488658481729e-06,2.3790505570503086e-05,-4.249103113806996e-08,2.964277800998616e-08,True
bcca_N0200_sample05,200,20000,2e-06,199,199,True,3,3,0.00019452873039422304,1.208591196886995e-09,6.212918752092399e-06,2.9395779827938087e-05,6.286459091064955e-07,5.359055310627525e-08,True
bcca_N0200_sample06,200,20000,2e-06,199,199,True,3,3,0.00018424359077094999,1.1275511473937911e-09,6.119893466446563e-06,2.129397625123134e-05,2.822164797411375e-07,3.237318946247569e-08,True
bcca_N0200_sample07,200,20000,2e-06,199,199,True,3,3,0.0001795580757968017,1.7025168893162567e-09,9.481706026093325e-06,2.4146527724643907e-05,2.2417380396433373e-07,3.542928317390448e-08,True
bcca_N0200_sample08,200,20000,2e-06,199,199,True,3,3,0.0001807201077445476,1.2821410297381145e-09,7.094622982133527e-06,2.9465911565548786e-05,4.7440652828356633e-07,3.065264175816651e-08,True
bcca_N0200_sample09,200,20000,2e-06,199,199,True,3,3,0.00018435823843004738,1.0886997352872541e-09,5.905348980107275e-06,2.840844217960035e-05,1.2211098432413081e-06,2.229095630301714e-08,True
bcca_N0200_sample10,200,20000,2e-06,199,199,True,3,3,0.00018841827420015324,1.0562910071600925e-09,5.606096391892509e-06,2.2905084121502534e-05,4.842347480771281e-07,2.5080061472060322e-08,True
bcca_N0200_sample11,200,20000,2e-06,199,199,True,3,3,0.00017894389717487835,8.941720116499603e-10,4.9969405258683035e-06,2.473507727961137e-05,1.3322325265185953e-07,3.618901944779651e-08,True
bcca_N0200_sample12,200,20000,2e-06,199,199,True,3,3,0.0001699214356612154,1.1715635816021867e-09,6.894736835545677e-06,2.1902708799252884e-05,-2.6857365287291657e-07,2.281790834057773e-08,True
bcca_N0200_sample13,200,20000,2e-06,199,199,True,3,3,0.00017362470717191092,9.55740517069877e-10,5.5046342921895915e-06,2.5046546564724988e-05,-2.8214804392856507e-07,2.602773130355729e-08,True
bcca_N0200_sample14,200,20000,2e-06,199,199,True,3,3,0.0001694960320672945,1.5438133867146722e-09,9.108256800381832e-06,2.1991182705950172e-05,2.0126821831389918e-07,2.984326474830823e-08,True
bcca_N0200_sample15,200,20000,2e-06,199,199,True,3,3,0.00019425498097024456,1.4502720063028921e-09,7.465816315541689e-06,2.7091101325986578e-05,2.6118492257865e-08,3.696596595492707e-08,True
bcca_N0500_sample01,500,20000,2e-06,499,499,True,3,3,0.0004370538109579629,3.3823081096881055e-09,7.738882546921495e-06,2.4812123698898596e-05,2.3690351524940922e-07,3.845119711520795e-08,True
bcca_N0500_sample02,500,20000,2e-06,499,499,True,3,3,0.0004522262417065912,2.955133487427109e-09,6.53463513367813e-06,2.4017698923319614e-05,3.2352998169393743e-07,3.527713288153933e-08,True
bcca_N0500_sample03,500,20000,2e-06,499,499,True,3,3,0.00041155967591109856,3.2488576815679782e-09,7.894013606594849e-06,2.2550587099936137e-05,-8.176649402003022e-08,3.8876820651623234e-08,True
bcca_N0500_sample04,500,20000,2e-06,499,499,True,3,3,0.0004600061975051417,3.370195093582757e-09,7.326412365444461e-06,2.5964206889746628e-05,-4.2604572825233333e-07,4.667123232326986e-08,True
bcca_N0500_sample05,500,20000,2e-06,499,499,True,3,3,0.0004607607416975704,3.394129185609632e-09,7.3663593237234545e-06,2.5848650811226563e-05,5.356521155519545e-07,3.788980407204434e-08,True
bcca_N0500_sample06,500,20000,2e-06,499,499,True,3,3,0.0004712914772539065,3.556283674500341e-09,7.54582640709288e-06,2.622354468367426e-05,-8.281593399939169e-08,3.801434689254535e-08,True
bcca_N0500_sample07,500,20000,2e-06,499,499,True,3,3,0.0004519773657286942,3.119015317983562e-09,6.900821931547332e-06,2.3931831658176725e-05,-1.2222435064046522e-07,3.344138788108353e-08,True
bcca_N0500_sample08,500,20000,2e-06,499,499,True,3,3,0.000457534624979612,2.6704799262453436e-09,5.836672855883512e-06,2.382473928932323e-05,-4.4588957781588334e-07,2.747061678132212e-08,True
bcca_N0500_sample09,500,20000,2e-06,499,499,True,3,3,0.000457790570332532,3.0260110166261916e-09,6.6100335234693545e-06,2.515972941917602e-05,4.954377375021579e-08,4.600167968771274e-08,True
bcca_N0500_sample10,500,20000,2e-06,499,499,True,3,3,0.00047099906994464843,3.2284761326927938e-09,6.854527617373433e-06,2.3087466449620578e-05,-1.4699790706895755e-07,6.102927097018096e-08,True
bcca_N0500_sample11,500,20000,2e-06,499,499,True,3,3,0.00047794448962240843,2.6628905444280757e-09,5.571547747170064e-06,2.566173420773546e-05,1.5147680798577312e-07,4.055003877123653e-08,True
bcca_N0500_sample12,500,20000,2e-06,499,499,True,3,3,0.0004382636933082591,3.3775600067449706e-09,7.706684487709355e-06,2.446775436062709e-05,-9.216400986833406e-08,4.0655600330730124e-08,True
bcca_N0500_sample13,500,20000,2e-06,499,499,True,3,3,0.0004461115209587999,2.888427456583186e-09,6.474675772495783e-06,2.4393688948314737e-05,-1.608181261492092e-07,2.5625272903617713e-08,True
bcca_N0500_sample14,500,20000,2e-06,499,499,True,3,3,0.000424082609722904,2.6864321438909375e-09,6.334690652951449e-06,2.3812527858677495e-05,-2.502645042312679e-07,3.688876437646371e-08,True
bcca_N0500_sample15,500,20000,2e-06,499,499,True,3,3,0.00044170644094781205,2.4301307879026573e-09,5.501687461672716e-06,2.2986951944049612e-05,4.122872576672876e-08,2.7492366716508343e-08,True
local_filling_N0050_sample01,50,20000,2e-06,49,49,True,3,3,4.6902808794613625e-05,2.509323302346756e-10,5.35004910544916e-06,2.25031317467696e-05,8.772108934795853e-07,1.7912144878451386e-08,True
local_filling_N0050_sample02,50,20000,2e-06,49,49,True,3,3,3.902918534080249e-05,3.2626002649743945e-10,8.35938602480528e-06,2.3520888654776415e-05,-4.917345765020897e-07,1.4760543565195405e-08,True
local_filling_N0050_sample03,50,20000,2e-06,49,49,True,3,3,4.923574575366966e-05,3.2527037146876624e-10,6.606386609763559e-06,2.407179404549131e-05,2.647534735888968e-06,3.0483681356940906e-08,True
local_filling_N0050_sample04,50,20000,2e-06,49,49,True,3,3,4.04411404937273e-05,6.007930721200914e-10,1.4855987362999282e-05,2.683003212553456e-05,1.552925414927131e-07,3.2378119629861146e-08,True
local_filling_N0050_sample05,50,20000,2e-06,49,49,True,3,3,4.3260325076592126e-05,2.91658911532717e-10,6.7419491419987425e-06,1.9358928350711036e-05,1.1361418472688456e-08,2.3844212049262126e-08,True
local_filling_N0050_sample06,50,20000,2e-06,49,49,True,3,3,3.934902011082898e-05,8.467901976211144e-10,2.1519981825114745e-05,1.69139342293313e-05,-1.7820400743939757e-07,1.3924124186992515e-08,True
local_filling_N0050_sample07,50,20000,2e-06,49,49,True,3,3,5.4608152625539285e-05,5.897649971564713e-10,1.0799944125570885e-05,2.5106701950957287e-05,-1.0555589310401459e-06,3.6466363484422004e-08,True
local_filling_N0050_sample08,50,20000,2e-06,49,49,True,3,3,3.7735814388445736e-05,3.561208550833955e-10,9.437211329734427e-06,1.5240813579307271e-05,-8.452711890427622e-07,1.2125380144389908e-08,True
local_filling_N0050_sample09,50,20000,2e-06,49,49,True,3,3,3.7356173291957016e-05,1.9081273198890292e-10,5.107930367963732e-06,1.2440862868364982e-05,-7.108061994554049e-07,1.3289948919137373e-08,True
local_filling_N0050_sample10,50,20000,2e-06,49,49,True,3,3,3.348337530173469e-05,5.572262926662973e-10,1.6641879369832494e-05,2.4621002319517795e-05,9.481704770220034e-07,4.099474315566454e-09,True
local_filling_N0050_sample11,50,20000,2e-06,49,49,True,3,3,4.8866179879153e-05,4.0759717742222104e-10,8.341089449394586e-06,1.624836951996039e-05,6.501677682901885e-07,1.7571291754947538e-08,True
local_filling_N0050_sample12,50,20000,2e-06,49,49,True,3,3,3.931957036065658e-05,3.888927533382373e-10,9.89056466719092e-06,2.4026812216670433e-05,-4.104747677313725e-07,1.3541832433183743e-08,True
local_filling_N0050_sample13,50,20000,2e-06,49,49,True,3,3,4.153733228648783e-05,4.919897757587428e-10,1.1844520306827408e-05,2.0113710531951342e-05,-1.3340509984471893e-06,1.3787552655131208e-08,True
local_filling_N0050_sample14,50,20000,2e-06,49,49,True,3,3,4.1579510836627166e-05,3.48910136959398e-10,8.391395904832169e-06,1.147548034396655e-05,1.169058767569453e-07,8.853783151074879e-09,True
local_filling_N0050_sample15,50,20000,2e-06,49,49,True,3,3,4.07638335764756e-05,5.086843444208566e-10,1.2478815160172108e-05,1.697881344609717e-05,1.0835942345632787e-06,3.1460200666799665e-08,True
local_filling_N0100_sample01,100,20000,2e-06,99,99,True,3,3,9.640057063279824e-05,5.965682089215713e-10,6.188430265563196e-06,2.5911857182841647e-05,5.984442110751331e-07,1.3525284003890192e-08,True
local_filling_N0100_sample02,100,20000,2e-06,99,99,True,3,3,8.973312268328557e-05,6.800466148625614e-10,7.578546188153914e-06,2.0378955646540912e-05,-5.480026903370572e-07,2.076288752039801e-08,True
local_filling_N0100_sample03,100,20000,2e-06,99,99,True,3,3,9.978180167156943e-05,5.381155319686897e-10,5.392922586624466e-06,2.5315610760077476e-05,-2.1422658658121208e-07,6.439550559456109e-09,True
local_filling_N0100_sample04,100,20000,2e-06,99,99,True,3,3,7.989446184754855e-05,4.844004270851557e-10,6.063003816327963e-06,2.0757507192953805e-05,-1.0427309893312753e-07,3.452947616722213e-08,True
local_filling_N0100_sample05,100,20000,2e-06,99,99,True,3,3,7.499804997376505e-05,6.114072377168067e-10,8.152308465762538e-06,1.608273076988459e-05,-1.3032725331152406e-06,1.902178392576559e-08,True
local_filling_N0100_sample06,100,20000,2e-06,99,99,True,3,3,0.00010488877931701514,1.2883250256410595e-09,1.2282772609520362e-05,2.9323879063854312e-05,7.518454281374432e-08,2.8163392062907633e-08,True
local_filling_N0100_sample07,100,20000,2e-06,99,99,True,3,3,9.052190528941729e-05,1.5775950596682012e-09,1.742777126292584e-05,2.230596695464753e-05,-6.395011498128156e-08,2.722073544347836e-08,True
local_filling_N0100_sample08,100,20000,2e-06,99,99,True,3,3,8.756320213087759e-05,6.627206169565641e-10,7.568483116526726e-06,2.7371948763885174e-05,-9.715278150856932e-07,2.9712753257804536e-08,True
local_filling_N0100_sample09,100,20000,2e-06,99,99,True,3,3,9.403914162271702e-05,1.1367870514603186e-09,1.2088445639168883e-05,2.7050890595767926e-05,1.0530643355100011e-06,2.181177183313565e-08,True
local_filling_N0100_sample10,100,20000,2e-06,99,99,True,3,3,8.129107933054061e-05,6.269286054071419e-10,7.712145177184385e-06,2.0258945278641493e-05,-3.9307444321678986e-07,1.569688257152535e-08,True
local_filling_N0100_sample11,100,20000,2e-06,99,99,True,3,3,8.887312964843099e-05,6.957609693805565e-10,7.828698866945323e-06,2.260978333804546e-05,-4.1807360651180403e-07,1.3472617688137234e-08,True
local_filling_N0100_sample12,100,20000,2e-06,99,99,True,3,3,8.400868530884193e-05,8.047292528472623e-10,9.579119705168918e-06,1.747967298789991e-05,-1.1608014426345292e-06,2.4450509950035837e-08,True
local_filling_N0100_sample13,100,20000,2e-06,99,99,True,3,3,8.307115153754028e-05,8.273781523382161e-10,9.959873397978836e-06,2.3225539686356113e-05,5.408393153327751e-07,2.335802828934419e-08,True
local_filling_N0100_sample14,100,20000,2e-06,99,99,True,3,3,9.33111932890293e-05,1.2160280410833212e-09,1.3031963242788054e-05,1.921961180144155e-05,3.825437242532814e-07,3.921125935058001e-08,True
local_filling_N0100_sample15,100,20000,2e-06,99,99,True,3,3,8.322307610279214e-05,5.525278736164366e-10,6.639118613375783e-06,1.9597558941013633e-05,1.439290111537872e-07,1.4957439731233535e-08,True
local_filling_N0200_sample01,200,20000,2e-06,199,199,True,3,3,0.00017506149494383734,1.3666010579144072e-09,7.806405733898455e-06,1.9187398295177673e-05,-3.7480455750138475e-07,4.8633595151059694e-08,True
local_filling_N0200_sample02,200,20000,2e-06,199,199,True,3,3,0.00016569547743599739,1.1167605559109129e-09,6.73983727976088e-06,2.4903197595774482e-05,8.131550719436831e-07,1.805319504999403e-08,True
local_filling_N0200_sample03,200,20000,2e-06,199,199,True,3,3,0.0001631599161932203,1.4092763985007862e-09,8.637393493337337e-06,2.2719370550395686e-05,1.8480016494848428e-07,3.8763522725027144e-08,True
local_filling_N0200_sample04,200,20000,2e-06,199,199,True,3,3,0.00019252743050338645,1.5625353795338163e-09,8.115910420911851e-06,2.6567583632815272e-05,-1.9186320510122812e-07,7.055868511685048e-08,True
local_filling_N0200_sample05,200,20000,2e-06,199,199,True,3,3,0.00018629068721350207,1.549139654415753e-09,8.315711738399092e-06,2.464868158223631e-05,-1.224349103212674e-07,2.933583853614863e-08,True
local_filling_N0200_sample06,200,20000,2e-06,199,199,True,3,3,0.00019657344855391232,2.0794557280751085e-09,1.0578517818009364e-05,2.261944741693941e-05,-2.1670528260742117e-07,3.6506214939890924e-08,True
local_filling_N0200_sample07,200,20000,2e-06,199,199,True,3,3,0.00018508922877072317,1.52238567283948e-09,8.225144612414562e-06,2.170259103834386e-05,2.2233655405656805e-07,2.5715666818193483e-08,True
local_filling_N0200_sample08,200,20000,2e-06,199,199,True,3,3,0.00018282113204922627,1.3167588412521137e-09,7.202443319832219e-06,2.5984935962269796e-05,7.698581465653831e-07,1.9499692416324876e-08,True
local_filling_N0200_sample09,200,20000,2e-06,199,199,True,3,3,0.000185976849635589,1.743766823110601e-09,9.376257456384557e-06,2.1768547785249912e-05,1.8477224639212864e-08,5.964723825968576e-08,True
local_filling_N0200_sample10,200,20000,2e-06,199,199,True,3,3,0.000177027967761051,1.4492423723011419e-09,8.186516461948555e-06,2.5477143797504076e-05,-1.2542930039050049e-07,3.784597413236668e-08,True
local_filling_N0200_sample11,200,20000,2e-06,199,199,True,3,3,0.0001921512612476251,1.47399369295821e-09,7.671007119014826e-06,2.2440402032309643e-05,3.0590683142150965e-07,1.3522461039805478e-08,True
local_filling_N0200_sample12,200,20000,2e-06,199,199,True,3,3,0.00016903379168683332,1.1814256318512235e-09,6.989286698603053e-06,2.4283057972318157e-05,3.826479106905367e-07,3.213021781967029e-08,True
local_filling_N0200_sample13,200,20000,2e-06,199,199,True,3,3,0.00018568951828831776,1.44318906618103e-09,7.772054553667422e-06,2.4112042358169763e-05,-1.1006000399937932e-07,3.8132394797329994e-08,True
local_filling_N0200_sample14,200,20000,2e-06,199,199,True,3,3,0.00016020133262964494,1.5316563090635957e-09,9.56082127359386e-06,2.240651980145597e-05,-7.325772766186844e-09,2.6283419773953653e-08,True
local_filling_N0200_sample15,200,20000,2e-06,199,199,True,3,3,0.0001587260941944818,1.41893854028963e-09,8.939541714867954e-06,1.9520256177380635e-05,-2.546516042478686e-08,2.3245564695351106e-08,True
local_filling_N0500_sample01,500,20000,2e-06,499,499,True,3,3,0.0004456114791913462,3.1690003282329037e-09,7.1115769593362075e-06,2.2671792391047455e-05,2.0869565053871497e-07,3.5823033317505804e-08,True
local_filling_N0500_sample02,500,20000,2e-06,499,499,True,3,3,0.0004391029295106232,3.6832818316560725e-09,8.388196898984622e-06,2.243306835964316e-05,3.268203814243975e-07,4.0890353880662644e-08,True
local_filling_N0500_sample03,500,20000,2e-06,499,499,True,3,3,0.0004478691326327607,2.797043536450334e-09,6.24522507279783e-06,2.4814300225709144e-05,-4.2404014943819845e-07,4.90405589470555e-08,True
local_filling_N0500_sample04,500,20000,2e-06,499,499,True,3,3,0.00043093562664987784,3.197851843136022e-09,7.420718189387901e-06,2.6071541853400204e-05,4.3997824716868195e-08,3.5658266117621906e-08,True
local_filling_N0500_sample05,500,20000,2e-06,499,499,True,3,3,0.00046704582144041365,3.2464107337353792e-09,6.95094696216988e-06,2.589705643593356e-05,2.1381451276170083e-08,3.634518008777121e-08,True
local_filling_N0500_sample06,500,20000,2e-06,499,499,True,3,3,0.0004365350289555595,4.002977804979522e-09,9.169889102730028e-06,2.6417023982387773e-05,2.957977136563983e-07,2.203911597664643e-08,True
local_filling_N0500_sample07,500,20000,2e-06,499,499,True,3,3,0.00043389967492154044,3.10345982942575e-09,7.152482494915283e-06,2.2638138842380344e-05,-2.0687225821269806e-08,3.7450735734800844e-08,True
local_filling_N0500_sample08,500,20000,2e-06,499,499,True,3,3,0.0004375971467839941,3.502803489423757e-09,8.004630549277334e-06,2.425004877636926e-05,-1.947967718241017e-07,3.089657008015223e-08,True
local_filling_N0500_sample09,500,20000,2e-06,499,499,True,3,3,0.0004596636783235388,3.389541785774814e-09,7.373960453297013e-06,2.3680881649912094e-05,-1.1080717854383693e-07,4.217514648630072e-08,True
local_filling_N0500_sample10,500,20000,2e-06,499,499,True,3,3,0.0004532230945398421,3.788207201084851e-09,8.358371951303633e-06,2.5601902918117685e-05,5.000915059838462e-08,4.561726874019456e-08,True
local_filling_N0500_sample11,500,20000,2e-06,499,499,True,3,3,0.0004616299656609392,3.865637275633572e-09,8.37388723259969e-06,2.3505337297150137e-05,-7.681465519215891e-08,2.8393312589969355e-08,True
local_filling_N0500_sample12,500,20000,2e-06,499,499,True,3,3,0.0004638535343702265,5.223432734822852e-09,1.1260952752930299e-05,2.7173655179433783e-05,1.3833632017679065e-08,3.0324990074603875e-08,True
local_filling_N0500_sample13,500,20000,2e-06,499,499,True,3,3,0.00045232600223155323,3.665329077334318e-09,8.103290678075975e-06,2.3529820916671444e-05,-1.6881456810224904e-07,4.029339284450373e-08,True
local_filling_N0500_sample14,500,20000,2e-06,499,499,True,3,3,0.00044836523778071135,3.739898190268889e-09,8.341186771705117e-06,1.9739971163458495e-05,-2.607755644756793e-08,4.8398643759384186e-08,True
local_filling_N0500_sample15,500,20000,2e-06,499,499,True,3,3,0.00044670857331690456,4.649149023299639e-09,1.0407566142683888e-05,2.5886263499704585e-05,1.59754591111394e-07,3.312507612651672e-08,True
