x_m,y_m,z_m,radius_m
1.8696431668562213e-06,1.2470615728543486e-06,-4.0257503175320465e-06,4.9999999999999998e-07
2.6844944772640143e-06,6.6745359658538699e-07,-4.0172688216674204e-06,4.9999999999999998e-07
9.0307237671137675e-07,1.310721765120644e-06,-3.7773790479387441e-06,4.9999999999999998e-07
3.4132182208309967e-06,8.6144049420202832e-07,-4.6740266073957627e-06,4.9999999999999998e-07
3.7255684965800944e-06,8.526615144342209e-07,-5.6239530438916096e-06,4.9999999999999998e-07
3.4763863627848905e-06,1.7604942156317625e-06,-5.9612185933235731e-06,4.9999999999999998e-07
3.2717428061911499e-06,1.9776053500454743e-06,-6.915673291074208e-06,4.9999999999999998e-07
3.9825848369622288e-06,2.6320143138190708e-06,-6.657889436998715e-06,4.9999999999999998e-07
1.4130946607775806e-07,1.8502370596295953e-06,-3.4187141416907011e-06,4.9999999999999998e-07
9.1431802455630872e-08,1.9829898545421631e-06,-2.4288207564645449e-06,4.9999999999999998e-07
9.8227832337906517e-07,2.3009242832678216e-06,-2.7533360491542771e-06,4.9999999999999998e-07
2.0582962317129479e-06,5.3730670982001769e-07,-3.2485441992348829e-06,4.9999999999999998e-07
3.8939447428056859e-06,2.0997183955762919e-06,-7.6889475982798134e-06,4.9999999999999998e-07
4.0168573263633628e-06,4.8857188450379851e-07,-6.5085939648423763e-06,4.9999999999999998e-07
-6.8138756313691148e-07,1.3996636943511393e-06,-2.1788591214044102e-06,4.9999999999999998e-07
-8.6654315745105377e-07,1.7404576571855389e-06,-1.2571341728488215e-06,4.9999999999999998e-07
-1.1408238895126744e-06,2.6791484509929141e-06,-1.0482569992730063e-06,4.9999999999999998e-07
-2.1183177018419057e-06,2.715103646840174e-06,-1.2561345371400198e-06,4.9999999999999998e-07
-2.2466842506127439e-06,2.9055300061410358e-06,-2.2294072794071002e-06,4.9999999999999998e-07
-3.1435646909650838e-06,3.3463115881257668e-06,-2.2656987756070483e-06,4.9999999999999998e-07
-3.7083078088887049e-06,2.6508889601513522e-06,-2.7100551407680145e-06,4.9999999999999998e-07
-3.6371911070218574e-06,1.7962493209390165e-06,-2.1957269364056723e-06,4.9999999999999998e-07
-3.8793276636808709e-06,1.0927830933004649e-06,-2.8639373482530945e-06,4.9999999999999998e-07
-4.3051322344363265e-06,5.1403209029433539e-07,-2.1684247717721506e-06,4.9999999999999998e-07
-6.4413820047522495e-07,2.1854452194009529e-06,-3.3442197251889149e-07,4.9999999999999998e-07
-1.8216748398155521e-06,3.6265886757056858e-06,-1.5410872605220778e-06,4.9999999999999998e-07
-5.1787753796930432e-06,8.55657768512661e-07,-2.5148920151413039e-06,4.9999999999999998e-07
-3.4206923034314797e-06,3.4823291601240874e-06,-1.3145418450659537e-06,4.9999999999999998e-07
-3.9162632081668338e-06,2.8662242630650896e-06,-7.0231293836544142e-07,4.9999999999999998e-07
-3.7291151143832947e-06,2.4955918794209086e-06,2.0741626705088476e-07,4.9999999999999998e-07
-4.0218769522265083e-06,2.9545451818450493e-06,1.0462561638706766e-06,4.9999999999999998e-07
-3.7132567593293976e-06,3.5379664333649996e-06,1.7975039391159981e-06,4.9999999999999998e-07
-3.7344982764174234e-06,3.3380328951179922e-06,2.777083123376174e-06,4.9999999999999998e-07
-3.6831921597904145e-06,4.2927650029020618e-06,3.0700921416040152e-06,4.9999999999999998e-07
-4.5672059238935305e-06,2.8658036048977775e-06,3.0662153963809687e-06,4.9999999999999998e-07
-4.6578063962192371e-06,1.8894562600779531e-06,2.8699059043087889e-06,4.9999999999999998e-07
-3.8054862243944665e-06,1.4349510180971316e-06,2.6111100200437025e-06,4.9999999999999998e-07
-3.1069523525709629e-06,7.281957654621928e-07,2.7231253885794074e-06,4.9999999999999998e-07
-2.9381151604059831e-06,1.051167178872622e-06,1.7918985264982518e-06,4.9999999999999998e-07
-4.8147242511855229e-06,3.1365730443349946e-06,-1.0482598860953579e-06,4.9999999999999998e-07
-4.2299089463006941e-06,2.2174362825785056e-06,1.6892127409920104e-06,4.9999999999999998e-07
-3.5500205681496313e-06,7.1895974059114629e-07,1.0741172297758182e-06,4.9999999999999998e-07
-4.49459368519507e-06,5.870841365173977e-07,7.7346718137195223e-07,4.9999999999999998e-07
-4.0932774026667304e-06,-3.2862517257749177e-07,7.9400258043292561e-07,4.9999999999999998e-07
-4.090747837991914e-06,3.5355345847735121e-06,-2.9767792359982798e-06,4.9999999999999998e-07
-4.7816856701875901e-06,3.6576959272499817e-06,3.6379714529551588e-06,4.9999999999999998e-07
-4.018285454228051e-06,-2.050819160049284e-07,-1.9549894630910812e-07,4.9999999999999998e-07
-5.3150091239794074e-06,1.2243006030451363e-06,-1.5953579877852851e-06,4.9999999999999998e-07
3.4294535459683466e-06,1.2404839542437082e-06,-7.9033400022695507e-06,4.9999999999999998e-07
-3.3552235316011668e-06,1.71560620145534e-06,7.0924036620642364e-07,4.9999999999999998e-07
-3.9226690991179557e-06,-7.0623952813862863e-07,-1.0555562469791902e-06,4.9999999999999998e-07
-3.7388456212416351e-06,-1.6880189960965504e-06,-1.0074105797004637e-06,4.9999999999999998e-07
-4.5877682399967037e-06,-1.3673827468884695e-06,-5.8726443481774606e-07,4.9999999999999998e-07
4.2819669132733464e-06,-1.0457009672878436e-08,-7.3336315819879357e-06,4.9999999999999998e-07
4.1488344400994455e-06,-9.2358427466224684e-07,-7.7189552673741766e-06,4.9999999999999998e-07
3.2755145225970568e-06,-4.3682645611493574e-07,-7.6994835500209407e-06,4.9999999999999998e-07
-2.7781794329621865e-06,-1.965724342505406e-06,-1.0069466049460116e-06,4.9999999999999998e-07
-2.8248060023441279e-06,-1.8201076049841394e-06,-1.8704868941438411e-08,4.9999999999999998e-07
-5.1954647467869549e-06,2.2839099950430422e-06,-1.4060341157169528e-06,4.9999999999999998e-07
-6.593178307371305e-07,1.3246955687294112e-06,1.7438016750602169e-07,4.9999999999999998e-07
1.123196367153636e-07,1.3679304775044039e-06,8.0897165932317431e-07,4.9999999999999998e-07
3.6388517739761927e-07,4.699470693797938e-07,4.4794454472628686e-07,4.9999999999999998e-07
4.2819026782515258e-06,1.3537596564819639e-06,-4.6191708338802732e-06,4.9999999999999998e-07
-4.0503647301190394e-06,4.464200118677657e-07,2.8979839330528702e-06,4.9999999999999998e-07
-5.6074203221134953e-06,2.5318943044599278e-06,-2.2828444636488243e-06,4.9999999999999998e-07
-6.1463669070084437e-06,1.7280662349491594e-06,-2.0310568283355233e-06,4.9999999999999998e-07
-8.6764097053876794e-07,6.0013517934047761e-07,-2.7498791052193761e-06,4.9999999999999998e-07
-1.1975639221398498e-06,3.9893867982605059e-07,-1.8275609309487119e-06,4.9999999999999998e-07
3.801160236095722e-07,6.6770110187002497e-07,1.4707600822085361e-06,4.9999999999999998e-07
-1.9454691629159115e-06,-2.3916366610254673e-06,-1.3607718486643283e-06,4.9999999999999998e-07
-1.8561120929091405e-06,-1.4120788515232932e-06,-1.1805447367108081e-06,4.9999999999999998e-07
-3.1105837459253811e-06,-2.608954589062269e-06,5.2540129439844474e-07,4.9999999999999998e-07
-4.0308203319312439e-06,-2.2278111287151052e-06,6.1425110256292111e-07,4.9999999999999998e-07
-5.9560073232271859e-06,2.9411684736164233e-06,-1.4396471219097603e-06,4.9999999999999998e-07
3.0121437196603382e-06,-5.2247598009074008e-07,-6.7385985521137074e-06,4.9999999999999998e-07
-8.166304165128803e-07,8.3475230385104957e-08,-3.6045488780108353e-06,4.9999999999999998e-07
-4.5584944414366091e-07,-6.1152504834523348e-07,-2.9826069976545819e-06,4.9999999999999998e-07
-1.4019909982952399e-06,-2.6242348657391218e-06,-5.5421772168677033e-07,4.9999999999999998e-07
-4.2297223612863764e-06,3.2628921620993683e-06,-2.024753925812962e-06,4.9999999999999998e-07
-4.5778083477231149e-06,9.5397664600178351e-07,3.5792984664332124e-06,4.9999999999999998e-07
5.0946764504198527e-06,-1.0234071368006268e-06,-8.027853774504841e-06,4.9999999999999998e-07
-1.3680792602556117e-06,-7.2956811834667199e-07,-3.4178280012513718e-06,4.9999999999999998e-07
2.7621576290472034e-06,1.0111622792726828e-06,-7.1947302869474613e-06,4.9999999999999998e-07
-4.1936304337173057e-07,-2.5019882766881005e-06,-6.9385322457995306e-07,4.9999999999999998e-07
5.0929173917687301e-07,-2.2243743501577003e-06,-9.3988330941914367e-07,4.9999999999999998e-07
1.3746256435138204e-06,-2.7075933739039664e-06,-8.0685470687563087e-07,4.9999999999999998e-07
1.7411264780459976e-06,-3.6378094997941624e-06,-7.8748727490717618e-07,4.9999999999999998e-07
1.7112465505300384e-06,-3.9201462788461507e-06,-1.7463371761566834e-06,4.9999999999999998e-07
9.3716011818050798e-07,-4.5131698623460218e-06,-1.5247221390645502e-06,4.9999999999999998e-07
-2.3656560722497027e-06,-3.2730036787630999e-06,5.8960072943988352e-07,4.9999999999999998e-07
-2.2613949092627451e-06,-2.913940851055904e-06,1.5170722900019955e-06,4.9999999999999998e-07
-4.7575840292452588e-06,-2.7902734429924844e-06,2.199787686562713e-07,4.9999999999999998e-07
-3.9638048818870589e-06,-2.5977700572022317e-06,-3.5695893307466694e-07,4.9999999999999998e-07
1.3718018706506813e-06,-4.0826872849378187e-06,-2.6728131502867792e-06,4.9999999999999998e-07
-5.2172784750171448e-06,-2.7007053040757531e-06,-6.6357007833379279e-07,4.9999999999999998e-07
2.2252828535424561e-06,-2.7772524777630699e-06,-1.3279400360452822e-06,4.9999999999999998e-07
2.4056777628510179e-06,1.3213986602074779e-07,-7.5113399867317445e-06,4.9999999999999998e-07
4.2742600103822815e-06,8.3424554049396623e-07,-3.7647431465263058e-06,4.9999999999999998e-07
-2.5122907209092622e-06,-3.1032558439729152e-06,-3.8491656255473835e-07,4.9999999999999998e-07
1.2054727419573872e-06,-3.0967189990636371e-06,-2.6586300547693128e-06,4.9999999999999998e-07
-2.1862727474804338e-06,-1.0370187884900079e-06,-2.9319952081102558e-06,4.9999999999999998e-07
-1.4939361158009239e-06,-1.0080152239013224e-06,-2.211003681339087e-06,4.9999999999999998e-07
-2.5490157887009538e-06,-1.8982267734949285e-06,-2.5759919881671591e-06,4.9999999999999998e-07
1.6407962866998726e-07,-2.4672262698608415e-06,1.1755681437825593e-07,4.9999999999999998e-07
9.3047274664955415e-07,1.4209937341630496e-06,1.8308401948747849e-06,4.9999999999999998e-07
1.6862951054206467e-06,-2.2200878062861749e-06,-2.6405301474996734e-06,4.9999999999999998e-07
1.2173528865869451e-06,-1.5270821629689075e-06,-2.0929569800364164e-06,4.9999999999999998e-07
1.4758894390090269e-06,-7.7143617348788914e-07,-1.4911613422631288e-06,4.9999999999999998e-07
2.0399140050025051e-06,-7.6745443305461313e-07,-6.6541293342482485e-07,4.9999999999999998e-07
1.3306133392316809e-06,-1.1348814147284103e-07,-4.023147483078415e-07,4.9999999999999998e-07
1.3510943219818089e-06,-1.193261480248607e-06,-7.8713859927005183e-08,4.9999999999999998e-07
-3.7681037615053149e-08,1.5163570604449895e-06,2.0623225614052927e-06,4.9999999999999998e-07
5.1224154119734954e-06,-3.1074407789005716e-08,-8.1482958973036116e-06,4.9999999999999998e-07
2.1654188418607228e-06,-1.2197250788640793e-06,-2.1748261885424044e-06,4.9999999999999998e-07
-1.3287461620707324e-06,-2.574957722312468e-06,1.6405905185696071e-06,4.9999999999999998e-07
-1.4068311671736287e-06,-3.2905313893879817e-06,9.4643127245515664e-07,4.9999999999999998e-07
-9.5455906876069223e-07,-3.2275255038871729e-06,2.2994830057409601e-06,4.9999999999999998e-07
4.3115883047595695e-06,1.1215827202289797e-06,-2.8076413005450059e-06,4.9999999999999998e-07
3.8608101462919643e-06,1.9433750254665841e-06,-3.1561473390878374e-06,4.9999999999999998e-07
-3.4571162606413126e-08,-3.4281475060242544e-06,3.1034748068614083e-07,4.9999999999999998e-07
-1.2338359589685719e-06,-4.1209967749365859e-06,2.6512123141660071e-06,4.9999999999999998e-07
-1.5538850341391404e-06,-3.4728416485125306e-06,3.3421996668524948e-06,4.9999999999999998e-07
-2.7152231361866594e-07,-4.3889801775493146e-06,2.6974437309459336e-06,4.9999999999999998e-07
6.1773573640937914e-07,-2.9908101494120105e-06,9.2940462345069711e-07,4.9999999999999998e-07
-1.7005345528165938e-06,-3.6588818890217307e-06,4.3137360519575253e-06,4.9999999999999998e-07
-1.9253170307743628e-06,-4.0594202538796972e-06,5.2020163319818386e-06,4.9999999999999998e-07
-2.2307333090019733e-06,-4.997981311583072e-06,5.0413177384711435e-06,4.9999999999999998e-07
-2.4509540290884378e-06,-4.5909854837781553e-06,4.1548318499235652e-06,4.9999999999999998e-07
5.078956401516318e-06,1.1683322548198127e-06,-2.1681409603609936e-06,4.9999999999999998e-07
5.3540066209137628e-06,2.0486673148379661e-06,-1.7816729035797757e-06,4.9999999999999998e-07
6.1943306425226881e-06,2.5636308191649542e-06,-1.6123562537243305e-06,4.9999999999999998e-07
6.5843823738015578e-06,2.8058971023350498e-06,-7.2400570638093901e-07,4.9999999999999998e-07
6.1432320371015634e-06,3.1401051670040302e-06,1.0887564767838675e-07,4.9999999999999998e-07
5.3905716847339319e-06,3.5125373624914765e-06,-4.3407614920438761e-07,4.9999999999999998e-07
6.1868962705525563e-06,3.3438932308303435e-06,-2.2377643597283374e-06,4.9999999999999998e-07
5.4324896639941757e-06,3.5627697318077294e-06,-2.8566050090888696e-06,4.9999999999999998e-07
4.5967514051616948e-06,3.52866277391918e-06,-3.4046727769308055e-06,4.9999999999999998e-07
3.9722497190656479e-06,4.2704429971497087e-06,-3.1602147140912632e-06,4.9999999999999998e-07
4.6156709428187577e-06,4.7647829842571742e-06,-2.5757174036007516e-06,4.9999999999999998e-07
3.6391500788204884e-06,3.3411679536758239e-06,-3.0005509322083489e-06,4.9999999999999998e-07
6.2908234591772133e-06,3.8524447431176113e-06,-7.0612341569976105e-07,4.9999999999999998e-07
-2.2724392951783123e-06,-5.3955043728127438e-06,5.9579616314348453e-06,4.9999999999999998e-07
-2.558399455583456e-06,-4.8247683809382313e-06,6.7276935420635271e-06,4.9999999999999998e-07
-3.1929211447357663e-06,-4.2889664723780413e-06,7.2847380113642799e-06,4.9999999999999998e-07
-2.9938099328480977e-06,-3.4189948847427504e-06,6.8336236555652717e-06,4.9999999999999998e-07
6.813334313204101e-06,4.1230798669820339e-06,-2.2167033825070713e-06,4.9999999999999998e-07
7.0374216811819053e-06,3.3701401197991367e-06,-1.5979412403030287e-06,4.9999999999999998e-07
-2.7993434473297628e-06,-4.4744692392046999e-06,8.1851186639797387e-06,4.9999999999999998e-07
-2.1148182899375187e-06,-3.7949796090790969e-06,8.4491625077801512e-06,4.9999999999999998e-07
-1.1443473284257865e-06,-4.0346838735957936e-06,8.4221814322826413e-06,4.9999999999999998e-07
-6.237679247018646e-07,-3.6127038962312073e-06,9.1644280106660149e-06,4.9999999999999998e-07
2.8202826482455401e-07,-3.9117958047381875e-06,8.8642992161376137e-06,4.9999999999999998e-07
7.0417384333304104e-06,5.0965392965631749e-06,-2.2311358760160037e-06,4.9999999999999998e-07
7.9412542535177866e-06,4.6600240157380874e-06,-2.2491830042869419e-06,4.9999999999999998e-07
-2.3218411367631082e-06,-2.7628045511466126e-06,7.1769488413339236e-06,4.9999999999999998e-07
-2.6038664879324819e-06,-1.8732326538790534e-06,6.8176111994292842e-06,4.9999999999999998e-07
-3.4164449425465838e-06,-1.8323113713348695e-06,6.2361976600858164e-06,4.9999999999999998e-07
-3.4004131514712705e-06,-9.7511575117714429e-07,5.7214563168294872e-06,4.9999999999999998e-07
-2.4239896053165039e-06,-8.4207171768137697e-07,5.5514670710939781e-06,4.9999999999999998e-07
-2.8601626172768002e-06,-2.4487375453662528e-08,5.9273778942709106e-06,4.9999999999999998e-07
5.8536498711407442e-06,1.3528580618303405e-06,-2.7729551918969094e-06,4.9999999999999998e-07
5.5708790790951412e-07,-3.8571399910821196e-06,2.5226549531666986e-06,4.9999999999999998e-07
6.6443986337409858e-07,-4.8378184482716406e-06,2.6861949215606984e-06,4.9999999999999998e-07
8.821952827093712e-06,4.2504210672740874e-06,-2.0112850280220504e-06,4.9999999999999998e-07
8.6522392779970823e-06,3.7757850722653839e-06,-2.8749504629533801e-06,4.9999999999999998e-07
6.5473955659104487e-06,1.0861145502197431e-06,-3.4419580394260861e-06,4.9999999999999998e-07
6.7006290883607288e-06,1.7109859411384953e-06,-4.2075004826705763e-06,4.9999999999999998e-07
7.6857864158215607e-06,1.8703643359434745e-06,-4.2712465995689478e-06,4.9999999999999998e-07
7.3143644163801453e-06,2.7290066716866839e-06,-3.9180058352163785e-06,4.9999999999999998e-07
1.1311904448752448e-06,-4.692340012222667e-06,1.813853291628315e-06,4.9999999999999998e-07
1.104051098481452e-06,-5.6712264524369342e-06,2.0164484372808153e-06,4.9999999999999998e-07
8.4735419306995549e-06,3.2820189774929895e-06,-3.7259864796542281e-06,4.9999999999999998e-07
6.493037875293355e-07,-3.2953796130357214e-06,9.5608189710828376e-06,4.9999999999999998e-07
-2.0727560076405327e-06,-1.7596987352212323e-06,7.6572728616708408e-06,4.9999999999999998e-07
-2.1895636091578516e-06,-8.6850381502917414e-07,4.5796925105323116e-06,4.9999999999999998e-07
-2.4803057671518117e-06,-9.8156012689108273e-07,3.6295939535850879e-06,4.9999999999999998e-07
-2.8394278517568737e-06,-1.7750419723469171e-06,4.1209368982590875e-06,4.9999999999999998e-07
-1.4327417816222174e-06,-5.8969086540200532e-06,5.7493907022172452e-06,4.9999999999999998e-07
2.0068875243255112e-07,-2.9390911493060672e-06,1.8368168551204453e-06,4.9999999999999998e-07
8.6716426258392547e-06,3.5504158405260276e-06,-4.6687055462372652e-06,4.9999999999999998e-07
8.0351805276495853e-06,4.1123155772344042e-06,-5.1970848450890093e-06,4.9999999999999998e-07
8.8375426162041765e-06,4.5612263123866572e-06,-4.8037729704711981e-06,4.9999999999999998e-07
-3.4330742909897189e-06,6.8022362158906207e-07,5.5088631098599991e-06,4.9999999999999998e-07
-4.0323889908433304e-06,1.4802802961736584e-06,5.5359039676868661e-06,4.9999999999999998e-07
-3.6430204092510194e-06,1.9786821899069223e-06,4.7613152639273228e-06,4.9999999999999998e-07
-3.1159400113485241e-06,1.4355109041609187e-06,4.1077472043589406e-06,4.9999999999999998e-07
-3.6587828423643527e-06,6.3862597696658054e-07,4.3728812716252844e-06,4.9999999999999998e-07
-2.672336940951996e-06,-1.9400411135803036e-06,5.0929738887685235e-06,4.9999999999999998e-07
8.0872214384005402e-06,2.3448310011603341e-06,-5.0546566494438561e-06,4.9999999999999998e-07
8.1721451109156752e-06,4.3560298625675311e-06,-4.0860400278403981e-06,4.9999999999999998e-07
-2.7377965596469432e-06,2.2856094707143402e-06,3.7412230481576989e-06,4.9999999999999998e-07
-6.3746518845367568e-07,-5.3206976464850999e-06,5.5609337703898595e-06,4.9999999999999998e-07
-9.5300598274460148e-07,-5.2463325232143413e-06,4.6149401998096071e-06,4.9999999999999998e-07
-2.3442193250573239e-06,2.6469376438495134e-06,2.8959190130841721e-06,4.9999999999999998e-07
-2.8268569063514828e-06,2.0019264686078458e-06,2.3034482974062688e-06,4.9999999999999998e-07
-1.7857065842338017e-06,2.8636259321628976e-06,2.0952257484405805e-06,4.9999999999999998e-07
3.4848006058446953e-07,-3.3144692144196745e-06,1.0514307656084397e-05,4.9999999999999998e-07
-2.8998181513979191e-07,-3.2552350590673505e-06,1.1281678327980553e-05,4.9999999999999998e-07
-9.5234119447321603e-07,-3.9961152330023991e-06,1.1392928588560082e-05,4.9999999999999998e-07
-3.7191540026725689e-07,-4.3743685549203556e-06,1.0671797309333886e-05,4.9999999999999998e-07
