a,b,n,matching_distance,delta_exposure,abs_delta_exposure,both_box_quality_ok,delta_box_dimension,delta_hull_porosity,delta_log_rg,delta_asphericity,delta_lambda2_over_lambda1,delta_lambda3_over_lambda1,delta_leaf_fraction,delta_branch_fraction,delta_degree_std,delta_mean_graph_distance,delta_neighbors_1p5d,delta_neighbors_2d,delta_local_density_cv,delta_core_shell_density_difference
fractal_dp1.5_N0050_Df1.8_kf1.3_rep01,fractal_dp1.5_N0050_Df1.8_kf1.3_rep02,50,0.21682418439641232,0.01327148437499992,0.01327148437499992,False,-0.0025135451468738523,-0.009258445241275948,1.4201754416909296e-06,0.058542823778902964,0.012270855390511287,-0.050899558292824436,0.0,0.060000000000000026,-0.08747024177378548,-0.48244897959183675,-0.2799999999999998,-0.35999999999999943,-0.07142502308285059,-1.3592314118629902
fractal_dp1.5_N0050_Df1.8_kf1.3_rep03,fractal_dp1.5_N0050_Df1.8_kf1.3_rep04,50,0.22610516794652002,0.002539062500000022,0.002539062500000022,False,0.021191084163067142,0.0043118603290942525,-1.616773251722492e-06,-0.02650501895665225,-0.004215858736104916,0.027301062440438145,0.020000000000000018,-0.020000000000000018,0.07638874358818382,0.6097959183673467,-0.20000000000000018,-0.16000000000000014,0.02774053119163994,1.0869565217391308
fractal_dp1.5_N0050_Df1.8_kf1.3_rep05,fractal_dp2_N0050_Df1.8_kf1.3_rep02,50,0.14212781646893025,0.00105468750000004,0.00105468750000004,False,-0.004333293476615818,-0.0073380336201774865,9.50646258379706e-07,0.0812182154317993,-0.045163926336646884,-0.007975861964155923,0.06,0.060000000000000026,0.06805704736408402,-2.0857142857142854,-0.3200000000000003,0.08000000000000007,-0.03199815883306356,-1.019047619047618
fractal_dp1.5_N0050_Df2.2_kf1.1_rep01,fractal_dp2_N0050_Df2.2_kf1.1_rep03,50,0.14501269457677327,-0.008984374999999933,0.008984374999999933,False,-0.01241730879218883,-0.005773625256995651,1.1367254733052334e-06,0.10509548182811235,-0.03977485552928989,-0.13156172991605145,0.020000000000000018,0.01999999999999999,0.02327683826640603,0.6914285714285713,0.1200000000000001,1.1599999999999993,0.0017993666961173549,2.6638095238095243
fractal_dp1.5_N0050_Df2.2_kf1.1_rep02,fractal_dp1.5_N0050_Df2.2_kf1.1_rep04,50,0.038575245916695235,0.002587890624999978,0.002587890624999978,False,-0.0027105296924307964,0.003775524198374347,-2.1110653132261348e-06,0.02261273118314011,-0.1218677870540828,0.03797314584888581,0.08000000000000002,0.06,0.11074708004019163,-0.3836734693877544,-0.11999999999999966,0.040000000000000036,-0.04021210052943874,0.015151515151514694
fractal_dp1.5_N0050_Df2.2_kf1.1_rep03,fractal_dp2_N0050_Df2.2_kf1.1_rep02,50,0.3920906182931799,-0.0020019531250000666,0.0020019531250000666,False,0.02221221992615785,-0.008825815150431793,6.803772774954808e-06,0.07768436259509004,-0.153554039635807,-0.01153982196493103,0.0,-0.020000000000000018,0.02064717598475818,-0.4783673469387759,-0.2400000000000002,0.6799999999999997,0.08621987485495364,2.7954545454545467
fractal_dp1.5_N0050_Df2.2_kf1.1_rep05,fractal_dp1_N0050_Df2.2_kf1.1_rep05,50,0.05432414316480168,-0.0015234375000000577,0.0015234375000000577,False,-0.010055154702052871,0.0023564115711747213,-3.9822363917529913e-07,-0.06168742884651779,0.03075631121831715,0.04420214725361729,0.0,-0.040000000000000036,0.044780209097678214,1.113469387755103,0.7199999999999998,-0.3600000000000012,0.051677229143654635,2.152380952380952
fractal_dp1.5_N0050_Df2.6_kf0.8_rep01,fractal_dp1.5_N0050_Df2.6_kf0.8_rep03,50,0.005324480114002862,-0.002109374999999969,0.002109374999999969,False,-0.0035351323677828006,0.00036089653415050105,-2.114639293671061e-06,0.025823240422586546,0.088492256791255,-0.1204467923623842,0.06,0.040000000000000036,0.0583446455684391,-0.042448979591837244,0.6799999999999997,0.2400000000000002,-0.002067338552227016,-0.6770186335403716
fractal_dp1.5_N0050_Df2.6_kf0.8_rep02,fractal_dp2_N0050_Df2.6_kf0.8_rep04,50,0.06890780308708898,0.0008886718750000799,0.0008886718750000799,False,-0.012817254718290538,-0.0011304858569080034,-7.911643450486672e-06,-0.0008374619136377603,0.03466845516279804,-0.02419631536558714,0.03999999999999998,0.06,0.021101922948076668,-0.7371428571428567,-0.040000000000000036,0.3200000000000003,0.000972927352119568,-0.43333333333333357
fractal_dp1.5_N0050_Df2.6_kf0.8_rep04,fractal_dp2_N0050_Df2.6_kf0.8_rep02,50,0.03546396074488351,0.0045214843749999956,0.0045214843749999956,False,0.0005627270753061353,-0.0037596433894916403,-1.3064899855308454e-06,0.00839351712569969,-0.034656512735397826,-0.0014332732375925694,-0.019999999999999962,0.0,-0.04086779568686849,-0.6375510204081634,-0.2400000000000002,0.0799999999999983,0.01661213429415681,1.0833333333333321
fractal_dp1.5_N0050_Df2.6_kf0.8_rep05,fractal_dp2_N0050_Df2.6_kf0.8_rep05,50,0.2373349423530146,0.00036132812500000444,0.00036132812500000444,False,0.019595642661036194,-0.005787547246749902,7.962083911738915e-06,-0.021164356215963576,0.09058475131184907,0.007612044142054353,0.020000000000000018,0.019999999999999962,0.038525189083623124,0.6146938775510211,-0.4400000000000004,-0.5999999999999996,-0.016194521142273544,-1.1677018633540373
fractal_dp1.5_N0100_Df1.8_kf1.3_rep01,fractal_dp1.5_N0100_Df1.8_kf1.3_rep05,100,0.04351593566830151,0.008491210937500049,0.008491210937500049,True,0.004761101923785427,-0.0037120721467575057,8.332382037679054e-07,0.09686372116477704,-0.06617649736347331,-0.033785831637850296,-0.040000000000000036,-0.030000000000000027,-0.07079198201588666,1.754747474747477,-0.3999999999999999,-0.33999999999999986,0.0016936584117351883,0.5321698216435049
fractal_dp1.5_N0100_Df1.8_kf1.3_rep02,fractal_dp2_N0100_Df1.8_kf1.3_rep01,100,0.07633546534749748,-0.017153320312499942,0.017153320312499942,True,-0.012285587431388523,0.0025267530099937208,2.7624630800637817e-06,0.1241048219217209,-0.18300946624494416,0.018362603146655818,-0.03999999999999998,-0.02999999999999997,-0.05559581613990372,-0.62161616161616,0.2400000000000002,0.1800000000000006,0.10453011644879412,1.7374677002583985
fractal_dp1.5_N0100_Df1.8_kf1.3_rep03,fractal_dp1.5_N0100_Df1.8_kf1.3_rep04,100,0.05299630612525254,-0.002006835937500062,0.002006835937500062,True,-7.40207184461994e-05,0.004604090116344328,-2.393419135104935e-06,-0.011555466827679495,-0.02960540245213797,0.03362867430569312,0.0,-0.010000000000000009,0.011253954058561555,1.8674747474747484,-0.08000000000000007,-0.09999999999999964,0.01700908385957961,1.7271317829457358
fractal_dp1.5_N0100_Df2.2_kf1.1_rep01,fractal_dp2_N0100_Df2.2_kf1.1_rep04,100,0.27887993530610866,0.002343749999999978,0.002343749999999978,True,-0.011286049042917856,-0.009548402465469286,8.968828171251886e-07,-0.01369682218214785,0.08592006160355298,-0.04902074587461394,0.010000000000000009,0.02999999999999997,-0.011707597582060192,-0.7379797979797988,-0.03999999999999959,0.96,0.012696985642994318,-1.4188629798385906
fractal_dp1.5_N0100_Df2.2_kf1.1_rep02,fractal_dp2_N0100_Df2.2_kf1.1_rep02,100,0.028740629380344294,-0.000732421875,0.000732421875,False,0.005286662599463199,0.0026503666768293854,4.177149747430775e-06,0.024823107698360047,-0.03448298631624663,-0.021873468798609075,0.030000000000000027,0.020000000000000018,0.04218350636426982,-1.3317171717171714,-0.020000000000000018,-0.16000000000000014,0.04826591168789274,0.6000000000000005
fractal_dp1.5_N0100_Df2.2_kf1.1_rep03,fractal_dp2_N0100_Df2.2_kf1.1_rep03,100,0.10886887649765079,-0.005668945312499951,0.005668945312499951,False,0.009618286800649578,-0.0053615035244166664,-2.067045932641065e-06,0.09708884562372844,-0.1069891983353716,-0.011618121670109838,-0.020000000000000018,0.010000000000000009,-0.0718825178936785,-0.9341414141414148,-0.040000000000000036,0.0,-0.02716162423795082,0.46020539152759987
fractal_dp1.5_N0100_Df2.2_kf1.1_rep04,fractal_dp1_N0100_Df2.2_kf1.1_rep03,100,0.023476480528097175,0.00020019531249992895,0.00020019531249992895,False,-0.0017227126800485326,0.0029859259827997864,3.5502168982404214e-08,-0.06436278811902729,0.02091068764846099,0.11326757278062918,-0.020000000000000018,0.02999999999999997,-0.08538819545635024,1.5941414141414132,-0.19999999999999973,-0.120000000000001,-0.00803056537092206,-5.601762523191095
fractal_dp1.5_N0100_Df2.2_kf1.1_rep05,fractal_dp1_N0100_Df2.2_kf1.1_rep05,100,0.015446063776543248,-0.002187500000000009,0.002187500000000009,False,0.0038914924092505743,-0.001937893547957814,9.728211449733237e-07,-0.00976761445933827,0.06258231849602258,-0.02869739785875733,-0.020000000000000018,0.0,-0.04419655673417622,-0.6375757575757586,-0.06000000000000005,0.22000000000000064,0.006732345745449342,0.2046511627906975
fractal_dp1.5_N0100_Df2.6_kf0.8_rep01,fractal_dp1_N0100_Df2.6_kf0.8_rep05,100,0.018727996878161235,0.001132812499999969,0.001132812499999969,False,0.00639849526959857,0.0009698866309277854,-2.7248445075844785e-06,-0.027519046880399634,-0.03281296109732523,0.10033566983432457,0.04999999999999999,-0.020000000000000018,0.13665816553670607,2.161212121212122,0.2599999999999998,0.019999999999999574,-0.015682122703230994,-1.1563077584354184
fractal_dp1.5_N0100_Df2.6_kf0.8_rep02,fractal_dp2_N0100_Df2.6_kf0.8_rep02,100,0.41928742712199524,0.003349609374999951,0.003349609374999951,False,-0.006313385471494293,0.012701872187631635,7.520715894493435e-06,-0.037207407367228496,0.1958132509830326,-0.017249006950735724,0.06,-0.019999999999999962,0.17896563049102066,0.42040404040404056,0.5,0.5600000000000005,0.015079359992404284,1.1677544512774602
fractal_dp1.5_N0100_Df2.6_kf0.8_rep03,fractal_dp2_N0100_Df2.6_kf0.8_rep05,100,0.13456153714773325,-0.0048876953124999956,0.0048876953124999956,False,-0.017597438234675522,-0.0020681976867258367,3.5952681460837965e-06,0.020803641682750174,-0.01710544420759391,-0.04178847077763753,-0.06,0.009999999999999953,-0.13096536639296286,1.0575757575757567,0.05999999999999961,-0.2599999999999998,0.031545610151816894,1.2365079365079366
fractal_dp1.5_N0100_Df2.6_kf0.8_rep04,fractal_dp1_N0100_Df2.6_kf0.8_rep01,100,0.006977828248074044,0.004667968749999973,0.004667968749999973,False,0.0024416356787617666,0.0013554621843420156,-5.71031479879025e-08,0.024025717125040313,-0.1262953208946056,0.006881636351859899,-0.020000000000000018,-0.019999999999999962,-2.220446049250313e-16,0.03898989898990024,-0.2599999999999998,-0.16000000000000014,0.07467947895932331,3.6828605200945628
fractal_dp1.5_N0100_Df2.6_kf0.8_rep05,fractal_dp2_N0100_Df2.6_kf0.8_rep01,100,0.008203132431558905,0.00264160156250004,0.00264160156250004,False,0.004086444639646025,0.0007806460182188113,5.593528139113957e-06,-0.006204034537626968,0.012711669610330434,0.008153379185586895,-0.010000000000000009,0.009999999999999953,-0.01857342698423592,1.487676767676767,0.040000000000000036,0.1399999999999988,0.0017114654739252555,-0.43194444444444535
fractal_dp1.5_N0200_Df1.8_kf1.3_rep01,fractal_dp1.5_N0200_Df1.8_kf1.3_rep03,200,0.004933312759972642,0.016240234375000107,0.016240234375000107,True,0.0018035132199134551,0.0012053628144607087,-6.504453913258601e-07,0.023663420204348973,-0.05426028923372511,0.02235513034516036,-0.0050000000000000044,0.010000000000000009,-0.028222009841760598,-0.3857286432160798,-0.31000000000000005,-0.41000000000000014,-0.00951580314528161,-0.595576110752476
fractal_dp1.5_N0200_Df1.8_kf1.3_rep02,fractal_dp2_N0200_Df1.8_kf1.3_rep01,200,0.0019863443718559507,-0.00140380859375,0.00140380859375,True,0.00099360479180155,-0.000797858177607913,-1.3879116078641118e-08,-0.14464079524383877,0.21765559660314576,0.01828934974350943,-0.020000000000000018,-0.009999999999999953,-0.03693979444362461,8.010552763819096,0.18999999999999995,0.4800000000000004,0.02897248313765699,-2.7561713648670167
fractal_dp1.5_N0200_Df1.8_kf1.3_rep04,fractal_dp1_N0200_Df1.8_kf1.3_rep03,200,0.0037195203964264355,0.004841308593749982,0.004841308593749982,True,-0.0007235038586679288,-0.0011849282278726392,1.1006400773005964e-06,-0.08268551305521066,0.0707702303877697,-0.0007201353670122715,-0.024999999999999967,-0.034999999999999976,-0.011548031966784778,4.717185929648238,0.050000000000000266,-0.020000000000000462,0.017956494651867827,0.09942117163659425
fractal_dp1.5_N0200_Df1.8_kf1.3_rep05,fractal_dp2_N0200_Df1.8_kf1.3_rep04,200,0.35284281358423003,0.0009814453124999956,0.0009814453124999956,True,0.029687567881850452,0.0003476428560684752,1.9380894769049917e-06,-0.03850631258745074,-0.010233528434179157,0.03094629622031682,0.015000000000000013,0.009999999999999953,0.023574137951996144,1.1871356783919573,0.040000000000000036,-0.16000000000000014,-0.04431507705517501,-0.4010490381458123
fractal_dp1.5_N0200_Df2.2_kf1.1_rep01,fractal_dp2_N0200_Df2.2_kf1.1_rep02,200,0.004013134897032361,0.007416992187500027,0.007416992187500027,True,-0.002930431404652545,-0.00048090065921468916,-3.238781824732584e-06,-0.0033510142580146507,0.03152244839365931,-0.011616780338970734,0.0,0.014999999999999958,-0.015431637627228989,4.782010050251255,-0.08999999999999986,-0.1899999999999995,-0.012255174944422853,-1.8632352941176462
fractal_dp1.5_N0200_Df2.2_kf1.1_rep02,fractal_dp2_N0200_Df2.2_kf1.1_rep01,200,0.3968229600844119,-0.005434570312500053,0.005434570312500053,True,0.0005761925997127548,-0.012596668780588405,2.7282158681085633e-06,0.15892225712211094,-0.22106644192153685,-0.007742221624478934,0.0,0.009999999999999953,-0.01631945746428143,3.3747738693467326,0.1899999999999995,0.0,-0.03303826276409988,2.4630053394355462
fractal_dp1.5_N0200_Df2.2_kf1.1_rep04,fractal_dp2_N0200_Df2.2_kf1.1_rep03,200,0.1422220756849451,0.0015795898437499512,0.0015795898437499512,True,-0.004577901858286992,0.007316808088649096,3.643817352294576e-07,-0.0741555140764204,0.07157882886264744,0.06268178982747344,0.0,0.0050000000000000044,-0.005407720075877309,-6.818793969849246,0.15000000000000036,0.21000000000000085,0.016404154615998534,1.6835529205094417
fractal_dp1.5_N0200_Df2.2_kf1.1_rep05,fractal_dp1_N0200_Df2.2_kf1.1_rep01,200,0.10014305461277885,-0.007155761718749987,0.007155761718749987,True,-0.011436456251475935,-0.004373833191881449,-2.917355985676551e-07,0.027817602338899627,0.06550839165281702,-0.08637600182244934,-0.015000000000000013,-0.025000000000000022,0.005376366546118838,-0.7704020100502511,0.2599999999999998,0.40000000000000036,0.0019269894320741998,3.1911139267236823
fractal_dp1.5_N0200_Df2.6_kf0.8_rep01,fractal_dp1_N0200_Df2.6_kf0.8_rep03,200,0.006712087951163976,0.00020996093749997558,0.00020996093749997558,False,-0.0018005248005970031,0.0014717788051386016,-8.695294284599697e-08,0.005351063471591644,0.003499502240618013,-0.012801796449170982,0.024999999999999967,0.004999999999999949,0.05858073236976069,-1.477788944723617,0.17999999999999972,0.1999999999999993,-0.052165014424026046,0.44180107526881685
fractal_dp1.5_N0200_Df2.6_kf0.8_rep02,fractal_dp1_N0200_Df2.6_kf0.8_rep01,200,0.013707193597781447,-0.00164794921875,0.00164794921875,True,-0.005853267381707106,-3.404691515485059e-05,-3.0245536490891567e-06,0.0310894898155466,-0.10294129853489076,-0.014252032257205505,0.0,-0.019999999999999962,0.025585757624681515,-1.4804522613065352,-0.17999999999999972,0.23000000000000043,0.026810363728756004,1.2249106230847815
fractal_dp1.5_N0200_Df2.6_kf0.8_rep03,fractal_dp1_N0200_Df2.6_kf0.8_rep05,200,0.023240983094803266,-0.0007666015625000244,0.0007666015625000244,False,0.004848521455455668,-0.002352676686091626,1.2915965086346404e-06,0.023401407715151756,0.043824782909175575,-0.10075774616194755,0.04500000000000004,-0.0050000000000000044,0.10274606891080795,-2.4530653266331655,0.3799999999999999,0.27999999999999936,-0.026571524324893736,0.22801384182827356
fractal_dp1.5_N0200_Df2.6_kf0.8_rep04,fractal_dp1_N0200_Df2.6_kf0.8_rep02,200,0.012661141118230976,-0.001125488281250031,0.001125488281250031,False,0.005283554068157059,0.0007732434756984041,-9.537237699586143e-07,0.0014712421051887858,-0.03992651138927572,0.020358232175360258,0.014999999999999958,0.0050000000000000044,0.014745295184887874,-1.5451256281407062,0.009999999999999787,0.25,0.012879499368904423,0.16558435844640407
fractal_dp1.5_N0200_Df2.6_kf0.8_rep05,fractal_dp2_N0200_Df2.6_kf0.8_rep03,200,0.08821352196307963,0.0033471679687499534,0.0033471679687499534,False,-0.0047214719575254804,0.0056319305032928035,-3.4101572876643615e-06,0.010877987098141917,-0.0603981958226929,-0.00031087064593460223,-0.04999999999999999,-0.04999999999999999,-0.039811268867620764,1.7073869346733659,0.13999999999999968,0.14999999999999858,-4.968910926494985e-06,1.5840093578042111
fractal_dp1.5_N0500_Df1.8_kf1.3_rep02,fractal_dp2_N0500_Df1.8_kf1.3_rep05,500,0.010011171336952018,-0.01624218749999995,0.01624218749999995,True,0.0035524610294623837,0.0014089967481314414,4.565443809667613e-07,0.11240549750569107,-0.13709463837041452,0.019451280778311902,0.02200000000000002,0.020000000000000018,0.026961872268679854,-5.467527054108217,0.19600000000000017,0.4159999999999995,-0.004031042026572784,-0.04197517134970674
fractal_dp1.5_N0500_Df1.8_kf1.3_rep03,fractal_dp1_N0500_Df1.8_kf1.3_rep02,500,0.021098008092363608,0.002762695312499952,0.002762695312499952,True,0.0032710095848851317,0.0025937005695029214,1.5030735323051658e-07,-0.03267630919418929,-0.07221216089097637,0.08101964661877394,-0.026000000000000023,-0.006000000000000005,-0.05724171828953151,6.617338677354709,-0.12400000000000011,-0.2680000000000007,-0.013262978109909562,0.013033703662140184
fractal_dp1.5_N0500_Df1.8_kf1.3_rep04,fractal_dp2_N0500_Df1.8_kf1.3_rep04,500,0.0014718146992371392,0.0030664062500000977,0.0030664062500000977,True,0.00045696012239782036,0.0007451951899609677,1.6255757220307032e-06,0.13096830639255164,-0.1879223761531707,0.03890201866222258,-0.016000000000000014,-0.0020000000000000018,-0.03814879626437773,-0.46123446893787445,-0.08400000000000007,-0.1280000000000001,0.014051928029743255,-0.2987757748250779
fractal_dp1.5_N0500_Df1.8_kf1.3_rep05,fractal_dp2_N0500_Df1.8_kf1.3_rep02,500,0.005308527457737279,-0.0020166015625000533,0.0020166015625000533,True,-0.0033396472243623077,0.0005821443204089283,1.9849331840404716e-06,-0.052286575615821174,0.06652025181357185,-0.013319589014779427,0.02400000000000002,0.023999999999999966,0.03068931455904267,3.390749498997998,0.07200000000000006,0.2839999999999998,-0.00705863937723078,0.02777841790543434
fractal_dp1.5_N0500_Df2.2_kf1.1_rep01,fractal_dp1.5_N0500_Df2.2_kf1.1_rep02,500,0.01721578663321546,0.008091796875000001,0.008091796875000001,True,-0.006409990915552388,0.0005587819675794137,1.0101327592160203e-06,-0.017661079387129464,0.07852441195665127,-0.03377592270850796,-0.045999999999999985,-0.045999999999999985,-0.05636248513662401,0.3306533066132289,0.02400000000000002,-0.26000000000000156,0.006013410276166864,-0.2722117794486216
fractal_dp1.5_N0500_Df2.2_kf1.1_rep04,fractal_dp2_N0500_Df2.2_kf1.1_rep02,500,0.10254010145477427,-0.0022499999999999742,0.0022499999999999742,True,-0.014102724941071898,-0.0030321847667555968,-7.619158743921162e-07,0.05553228353643325,-0.14880752509573342,0.014712389021963257,0.008000000000000007,-0.0040000000000000036,0.02618906936164711,-11.851711422845689,0.18799999999999972,0.532,0.031664518561363986,0.010502432662362615
fractal_dp1.5_N0500_Df2.2_kf1.1_rep05,fractal_dp1_N0500_Df2.2_kf1.1_rep02,500,0.03563778617077986,-0.001416015624999989,0.001416015624999989,True,0.0032845474351730353,-0.0035396319260182496,-1.2373660731590519e-06,0.03424628339809699,-0.0990557810043271,0.005402032538812523,0.0040000000000000036,-0.0040000000000000036,0.02076275463693822,2.4497074148296605,0.04800000000000004,0.26399999999999935,-0.014993842598734985,-1.5758791533142187
fractal_dp1.5_N0500_Df2.6_kf0.8_rep01,fractal_dp1.5_N0500_Df2.6_kf0.8_rep02,500,0.001738059397083588,0.0010839843750000133,0.0010839843750000133,True,-0.0013342671117126947,-0.0006406096805151584,-6.469053559499116e-07,-0.013021148059550458,0.028698775844200164,0.018943392081710142,-0.008000000000000007,0.0040000000000000036,-0.024245677047684655,-6.966132264529058,-0.04400000000000048,0.04400000000000048,0.010329863302967202,0.4474546971864566
fractal_dp1.5_N0500_Df2.6_kf0.8_rep03,fractal_dp2_N0500_Df2.6_kf0.8_rep02,500,0.0034087313027233697,-0.002620117187499993,0.002620117187499993,True,-0.0015703709303922508,-0.000984338429426579,3.9074005808714674e-08,-0.00623777704120565,0.02414597365169968,0.006176300938079138,0.010000000000000009,0.0,0.0270803853404169,-7.231727454909816,-0.0600000000000005,-0.17599999999999838,-0.01105547254547895,0.17706808377436545
fractal_dp1.5_N0500_Df2.6_kf0.8_rep04,fractal_dp2_N0500_Df2.6_kf0.8_rep03,500,0.0013888370081730718,-0.001763671875000039,0.001763671875000039,True,-0.0018630012707525623,-1.452603514806583e-05,-5.724466840550946e-07,0.01459378143331902,0.03955088548182373,-0.05532187243411124,-0.01200000000000001,-0.0020000000000000018,-0.028115703976360873,-4.791270541082163,0.16800000000000015,0.1039999999999992,0.013423504471105907,2.028415042229634
fractal_dp1.5_N0500_Df2.6_kf0.8_rep05,fractal_dp1_N0500_Df2.6_kf0.8_rep05,500,0.01097833062310012,0.00020214843749999378,0.00020214843749999378,True,-0.004876927712180734,0.0007653916799039706,-8.685641883499073e-07,-0.013420446765902483,-0.006933661044297379,0.043791575077469835,0.008000000000000007,0.008000000000000007,0.004091057936471021,10.97838877755511,0.07200000000000006,0.05600000000000094,-0.003649211887728987,0.8915931388354359
fractal_dp1_N0050_Df1.8_kf1.3_rep01,fractal_dp1_N0050_Df1.8_kf1.3_rep02,50,0.07851974023046672,-0.004638671875,0.004638671875,False,-0.003394926768795159,-0.005437261410830785,-1.0959465781557043e-06,0.0640008532777726,-0.029521890096361525,-0.04018130825578123,0.07999999999999996,0.01999999999999999,0.16838018368999152,-1.124081632653061,0.11999999999999966,0.3200000000000003,-0.054154923426646795,-0.1607142857142856
fractal_dp1_N0050_Df1.8_kf1.3_rep03,fractal_dp2_N0050_Df1.8_kf1.3_rep01,50,0.07717250854953218,0.005791015624999951,0.005791015624999951,False,-0.012092718480679832,0.0027334207468548977,-3.352060234718124e-06,-0.031980117928455454,-0.021133818344281297,0.05187277496589954,-0.08000000000000002,-0.020000000000000018,-0.15161487572706012,1.070204081632653,-0.31999999999999984,-0.8399999999999999,-0.003349844517831435,-2.5086956521739134
fractal_dp1_N0050_Df1.8_kf1.3_rep05,fractal_dp2_N0050_Df1.8_kf1.3_rep05,50,0.45335228569942915,0.007353515624999973,0.007353515624999973,False,-0.0333243609585272,-0.0019128065643702064,-9.720555729453295e-06,-0.00019473884293275123,0.015548138735588052,-0.011725544238420808,-0.06,0.0,-0.15532864876267338,0.43102040816326515,-0.6000000000000001,-0.3200000000000003,0.05859785952778657,1.7363855950812468
fractal_dp1_N0050_Df2.2_kf1.1_rep01,fractal_dp2_N0050_Df2.2_kf1.1_rep05,50,0.3135299353633304,0.013564453124999987,0.013564453124999987,False,0.010648628128903992,0.010357077250889968,-5.490583092182533e-06,-0.035350243464865594,0.03838661867467236,0.03767987951306906,0.020000000000000018,0.020000000000000018,0.02210953523322079,0.776326530612244,-0.31999999999999984,-0.16000000000000014,-0.0017869029673605596,-0.11666666666666714
fractal_dp1_N0050_Df2.2_kf1.1_rep02,fractal_dp1_N0050_Df2.2_kf1.1_rep03,50,0.028580533140892227,0.0025781249999999867,0.0025781249999999867,False,0.0062223123703053496,-0.002288551039188791,-1.8571814079937354e-06,-0.02670797346709619,0.10974940541024725,-0.045340215571445686,-0.06,-0.03999999999999998,-0.08178917511976125,-0.47020408163265337,0.07999999999999963,0.20000000000000018,-0.01872526569954952,-0.07894736842105221
fractal_dp1_N0050_Df2.2_kf1.1_rep04,fractal_dp2_N0050_Df2.2_kf1.1_rep01,50,0.1364245137521517,-0.016318359375000036,0.016318359375000036,False,0.0021077563206612915,-0.007338868007240262,-7.231509695504457e-07,0.10218511232452865,-0.08328903061647741,-0.07836075247399346,0.03999999999999998,0.10000000000000003,-0.02327683826640603,-0.5632653061224486,0.56,1.0799999999999992,0.05220431108569201,1.7300724637681153
fractal_dp1_N0050_Df2.6_kf0.8_rep01,fractal_dp1_N0050_Df2.6_kf0.8_rep04,50,0.009856767099269727,0.008896484375000013,0.008896484375000013,False,0.004770921433644659,0.0005484853941047918,1.7370110516612414e-07,-0.01924243415537208,-0.08631221918263943,0.10780746868511448,-0.03999999999999998,0.020000000000000018,-0.1390599626570983,-0.46530612244897984,-0.6799999999999997,-1.2799999999999994,0.01972859527607962,-1.3946969696969704
fractal_dp1_N0050_Df2.6_kf0.8_rep03,fractal_dp2_N0050_Df2.6_kf0.8_rep01,50,0.45268713598852167,-0.0006152343749999956,0.0006152343749999956,False,-0.014397990281995732,-0.012161682224500758,8.445495297770833e-06,0.04727248496513625,-0.13846943651141996,-0.019282377635472248,0.0,0.06,-0.08355782836297598,1.728979591836735,0.1999999999999993,-0.20000000000000107,-0.012244708868560439,-0.8223684210526319
fractal_dp1_N0050_Df2.6_kf0.8_rep05,fractal_dp2_N0050_Df2.6_kf0.8_rep03,50,0.17728675734889554,-0.0009472656250000266,0.0009472656250000266,False,-0.005858163648814418,-0.008088498620000606,4.36471794285076e-06,0.024377765299987364,0.033363236158433285,-0.08604134796039237,0.09999999999999998,0.07999999999999996,0.12281854747900567,-0.5910204081632653,0.16000000000000014,-0.5199999999999996,-0.05294240888060192,-2.4050724637681142
fractal_dp1_N0100_Df1.8_kf1.3_rep01,fractal_dp2_N0100_Df1.8_kf1.3_rep05,100,0.20066422055243677,-0.0076074218749999645,0.0076074218749999645,True,-0.006884943841603652,-0.008525332600470725,9.209853271130441e-07,0.14249655604428024,-0.07871758630939421,-0.033382060934349894,-0.030000000000000027,-0.020000000000000018,-0.04854244149265141,0.005858585858586451,0.18000000000000016,0.0,0.025781846846975154,1.3866341991341988
fractal_dp1_N0100_Df1.8_kf1.3_rep02,fractal_dp2_N0100_Df1.8_kf1.3_rep03,100,0.044378145751287804,0.017216796874999996,0.017216796874999996,True,-0.0043462554797573105,0.003837820791707691,-2.72252689370589e-06,-0.047301471124403194,0.0781527149184498,-0.020911226796379898,0.040000000000000036,0.010000000000000009,0.08440359661385988,-2.262626262626263,-0.11999999999999966,-0.5,-0.08483494244698286,-1.8753968253968258
fractal_dp1_N0100_Df1.8_kf1.3_rep03,fractal_dp2_N0100_Df1.8_kf1.3_rep04,100,0.08435009917223565,0.0012353515624999867,0.0012353515624999867,True,-0.005124190330093814,-0.005434967104100075,-4.0211896212838383e-07,0.06096234759605612,-0.04246692044365838,-0.004589854568697427,-0.010000000000000009,-0.020000000000000018,0.0,1.7309090909090923,-0.19999999999999973,0.040000000000000036,-0.06918746818546789,-0.605774617539323
fractal_dp1_N0100_Df1.8_kf1.3_rep05,fractal_dp2_N0100_Df1.8_kf1.3_rep02,100,0.028672849817975327,0.015063476562500067,0.015063476562500067,True,-0.007264479945467306,-0.0017394001571503503,-3.4989660204765016e-06,-0.06331966351017437,0.10655573566498014,-0.04539126482932283,-0.009999999999999953,0.02999999999999997,-0.05857104836476679,0.5949494949494945,-0.06000000000000005,-0.28000000000000025,-0.016879561438892854,0.6097056538233012
fractal_dp1_N0100_Df2.2_kf1.1_rep01,fractal_dp2_N0100_Df2.2_kf1.1_rep05,100,0.0451500129391991,-0.002861328124999951,0.002861328124999951,False,-0.010476530715920918,0.0007062392236474313,-2.7628539629453996e-06,-0.10814515827679105,0.058371983340844036,0.12068507344504936,-0.10999999999999999,-0.09000000000000002,-0.14805742494243357,0.35292929292929287,-0.1200000000000001,-0.54,-0.012703399614238331,-4.267540526849038
fractal_dp1_N0100_Df2.2_kf1.1_rep02,fractal_dp2_N0100_Df2.2_kf1.1_rep01,100,0.005642143971448577,-0.0008837890624999734,0.0008837890624999734,False,0.0027219624419334565,-0.0010350868866583207,1.9567615785476278e-06,0.07384777014206356,-0.11030282553755094,-0.058177764093676476,0.0,0.019999999999999962,-0.02132629719040946,-1.6575757575757581,-0.16000000000000014,0.28000000000000025,0.01688804690069179,1.3304630152456252
fractal_dp1_N0100_Df2.6_kf0.8_rep02,fractal_dp2_N0100_Df2.6_kf0.8_rep03,100,0.02063512086686899,0.005781250000000071,0.005781250000000071,False,0.0003679452633851277,0.002869213646986224,4.727653076574967e-06,0.003699185004978345,0.12515280961779685,-0.09068114597531968,-0.07,-0.06,-0.06065000014352262,0.5759595959595973,-0.21999999999999975,-1.0200000000000014,-0.055585070890843524,-3.140151515151514
fractal_dp1_N0100_Df2.6_kf0.8_rep03,fractal_dp1_N0100_Df2.6_kf0.8_rep04,100,0.26986786603134066,0.004101562500000044,0.004101562500000044,False,0.025954437239289696,-0.0004073038512214522,-7.860105430967934e-07,-0.016088139081663178,0.03433618620308626,0.008411727822647097,-0.03999999999999998,-0.020000000000000018,-0.07851977361222706,1.1939393939393934,-0.3200000000000003,-0.3000000000000007,0.01041723200687078,0.20946969696969653
fractal_dp1_N0200_Df1.8_kf1.3_rep01,fractal_dp1_N0200_Df1.8_kf1.3_rep04,200,0.1174402050902761,-0.009379882812500018,0.009379882812500018,True,-0.016824035656407332,0.0012993744314938604,8.021079080933191e-07,0.06273695060617235,-0.1183552552031476,0.035921693241442385,0.030000000000000027,0.024999999999999967,0.02916679674272571,-0.8979396984924612,0.10000000000000009,0.29000000000000004,-0.0360775552600735,0.4694552759068884
fractal_dp1_N0200_Df1.8_kf1.3_rep02,fractal_dp2_N0200_Df1.8_kf1.3_rep03,200,0.04796513819572623,-0.00636474609375004,0.00636474609375004,True,-0.007817538660437773,-0.0030672185388557205,-4.178746952909762e-07,-0.050449636878724724,0.16856735576942133,-0.06679439822322591,-0.050000000000000044,-0.024999999999999967,-0.09076148636112291,3.8538190954773874,0.2400000000000002,0.2599999999999998,0.006143403200151831,-0.18247863247863272
fractal_dp1_N0200_Df1.8_kf1.3_rep05,fractal_dp2_N0200_Df1.8_kf1.3_rep02,200,0.028944000714197525,-0.0011083984374999911,0.0011083984374999911,True,-0.007277329171628377,0.0017618391260616484,-3.2901913344929312e-06,0.02099266852575543,0.0006685392907389842,-0.021525818930565904,-0.004999999999999949,0.0,-0.013132263568606306,1.188592964824121,0.06999999999999984,0.1299999999999999,0.007434195570663105,2.4139733882890555
fractal_dp1_N0200_Df2.2_kf1.1_rep02,fractal_dp2_N0200_Df2.2_kf1.1_rep05,200,0.06539806048453434,-0.004099121093749991,0.004099121093749991,True,0.0046252575641263505,-0.004768264148334533,1.6409058842814517e-06,0.019720922228292914,-0.031614189656026914,-0.0060501148466267085,0.0,0.009999999999999953,-0.01672011081099678,-1.8236180904522605,0.08000000000000007,-0.120000000000001,-0.024540900224920614,-1.5641998734977864
fractal_dp1_N0200_Df2.2_kf1.1_rep03,fractal_dp2_N0200_Df2.2_kf1.1_rep04,200,0.044752954866616214,-0.0012573242187500222,0.0012573242187500222,True,-0.010204131150537865,-0.001114134256122723,2.2410249143067773e-06,0.06896616306485281,-0.0854895998368132,-0.027079699756356795,-0.0050000000000000044,0.019999999999999962,-0.05721468660375384,-1.777587939698492,0.09999999999999964,0.5,0.044402070997627885,0.9463043129709803
fractal_dp1_N0200_Df2.2_kf1.1_rep04,fractal_dp1_N0200_Df2.2_kf1.1_rep05,200,0.033491920457372766,0.008664550781250058,0.008664550781250058,True,-0.008830656089646283,-0.0009591091007659092,-1.1609664174461187e-06,-0.10615336737744108,0.08526271999712737,0.045440003398127815,0.06,0.034999999999999976,0.10290570132534915,-2.91,-0.13999999999999968,0.0,-0.007698997911489147,-3.0149675593223986
fractal_dp1_N0500_Df1.8_kf1.3_rep01,fractal_dp2_N0500_Df1.8_kf1.3_rep03,500,0.004170261261391313,0.0024833984375000062,0.0024833984375000062,True,-0.0025084749264290274,0.0008132115785653982,3.7273873143561786e-07,0.01858600688239531,-0.0029020294673369196,-0.009160328747915523,0.016000000000000014,0.0,0.03825775347175231,1.980553106212426,-0.028000000000000025,-0.08399999999999963,-0.002123073306441292,0.07302832549997174
fractal_dp1_N0500_Df1.8_kf1.3_rep03,fractal_dp1_N0500_Df1.8_kf1.3_rep05,500,0.0056788649978616644,0.0048876953124999956,0.0048876953124999956,True,-0.0037613723513647557,-8.87608283358654e-05,6.979187849864843e-08,-0.03796090197676294,-0.01769005315534808,0.04389708993911795,-0.018000000000000016,0.0020000000000000018,-0.05089728521852477,5.959775551102204,-0.2200000000000002,-0.2840000000000007,0.018656181074130862,-0.568647166955536
fractal_dp1_N0500_Df1.8_kf1.3_rep04,fractal_dp2_N0500_Df1.8_kf1.3_rep01,500,0.0016423218828176057,-0.008269531250000073,0.008269531250000073,True,0.0009737885661056378,0.0007107787881546201,1.8233198506578674e-07,0.12228095116831328,-0.13379014565702052,0.027092507655130264,0.03400000000000003,0.02400000000000002,0.05328436442401774,-6.869306613226456,0.16800000000000015,0.2840000000000007,0.006859411952909067,-0.12756899060258586
fractal_dp1_N0500_Df2.2_kf1.1_rep01,fractal_dp2_N0500_Df2.2_kf1.1_rep04,500,0.0013801489840313415,-0.00481347656250003,0.00481347656250003,True,0.00045943201625719965,-0.0007199216271251974,2.603190440986225e-07,0.048709248286682216,-0.07298847810043968,-0.010528098244698247,0.020000000000000018,0.019999999999999962,0.017095822852835285,3.6504769539078126,0.008000000000000007,0.2959999999999994,-0.0020602801048973385,0.31304112554112606
fractal_dp1_N0500_Df2.2_kf1.1_rep03,fractal_dp2_N0500_Df2.2_kf1.1_rep03,500,0.02912318242032753,-0.0009287109375000213,0.0009287109375000213,True,-0.008492784866228398,-0.0003299845491608888,-8.157701154587471e-07,-0.02875731527519443,0.02292326811744827,0.047738250438354446,0.02799999999999997,0.021999999999999964,0.03262184196928497,-5.199414829659318,0.05600000000000005,0.14000000000000057,-0.0066312293593926985,-1.420241913926759
fractal_dp1_N0500_Df2.2_kf1.1_rep04,fractal_dp1_N0500_Df2.2_kf1.1_rep05,500,0.07956737782995514,0.006535156250000007,0.006535156250000007,True,-0.005944735471630214,0.005115913443321407,6.653717754545596e-07,0.015429789376820824,-0.1280018972232571,0.06310761726342332,-0.01200000000000001,-0.023999999999999966,0.010648210444161421,9.281747494989979,-0.15200000000000014,-0.18400000000000105,-0.011114519191069427,-0.07958587709881293
fractal_dp1_N0500_Df2.6_kf0.8_rep01,fractal_dp2_N0500_Df2.6_kf0.8_rep04,500,0.011175998843852293,-0.004074218750000025,0.004074218750000025,True,0.005283795298888894,5.865744497723924e-05,-2.6331654279232453e-06,-0.0055668757973178495,0.041272548842512746,0.00037030684905531297,0.01200000000000001,-0.006000000000000005,0.05090860901568228,0.544048096192391,0.10800000000000054,0.26399999999999935,-0.0010464301236235984,0.28498699368264546
fractal_dp1_N0500_Df2.6_kf0.8_rep02,fractal_dp1_N0500_Df2.6_kf0.8_rep04,500,0.008420809341924304,-0.0010546874999999845,0.0010546874999999845,True,0.0005056815739665765,-0.0018241188338729009,1.5186129442845697e-07,-0.00371906870227523,-0.06227064890313733,0.058439223265433715,0.008000000000000007,0.03199999999999997,-0.02400192050706107,2.0896753507014054,0.08000000000000007,0.15200000000000102,-0.017486609178836987,-0.985895588609873
fractal_dp1_N0500_Df2.6_kf0.8_rep03,fractal_dp2_N0500_Df2.6_kf0.8_rep01,500,0.10278187893785345,-0.0026992187500000098,0.0026992187500000098,True,0.011329673156258213,-0.004535957733788898,-3.325357904593318e-07,0.016126721258386323,0.1726665505977808,-0.1319184698652477,-0.01200000000000001,-0.013999999999999957,-0.010153680294384348,-2.145747494989976,-0.20000000000000018,-0.2680000000000007,0.009690058103386634,-1.0535159022334302
fractal_dp2_N0050_Df1.8_kf1.3_rep03,fractal_dp2_N0050_Df1.8_kf1.3_rep04,50,0.20807763747271907,-0.014619140625000027,0.014619140625000027,False,0.007599841369323679,-0.008601734753807877,-2.305421083370618e-06,0.1287178621998305,-0.14295439042837738,0.014636223246783361,0.10000000000000003,0.040000000000000036,0.2054158758090846,-0.5493877551020407,-0.19999999999999973,0.08000000000000007,0.032929794716581307,0.07689942907334313
fractal_dp2_N0200_Df2.6_kf0.8_rep01,fractal_dp2_N0200_Df2.6_kf0.8_rep05,200,0.1047110864889657,-0.0024267578125000133,0.0024267578125000133,True,-0.012785333544635069,-0.003966115729523656,2.3835478664135934e-06,0.017535276414932133,-0.0019854193882066218,-0.048355726509773156,0.0,-0.015000000000000013,0.025321864536687944,1.9283919597989936,0.1200000000000001,0.20000000000000107,0.0035808999493006644,-2.1121120107962206
fractal_dp2_N0200_Df2.6_kf0.8_rep02,fractal_dp2_N0200_Df2.6_kf0.8_rep04,200,0.0035626896232896837,0.003896484375000009,0.003896484375000009,True,-0.002195979698175865,0.00080839566781854,-3.1391428674254485e-06,-0.0035183129708226124,-0.01249436763166345,0.01868058107274112,-0.025000000000000022,-0.020000000000000018,-0.035636771629205755,0.37241206030150664,-0.09999999999999964,-0.22999999999999865,-0.01143113682891389,-1.7301587301587293
fractal_dp2_N0500_Df2.2_kf1.1_rep01,fractal_dp2_N0500_Df2.2_kf1.1_rep05,500,0.015397964267489761,-0.008932617187499992,0.008932617187499992,True,-0.0022765689363293262,-0.002308666958982686,-2.6536900232798644e-08,0.11433304631398977,-0.22857305942342723,0.043867797160201255,0.008000000000000007,0.0,0.014774300657802941,7.541715430861721,-0.09599999999999964,-0.31200000000000117,0.028716323621632456,-0.25332184055578466
independent_extrapolation_dp1.5_N0750_Df1.8_kf1.3_rep02,independent_extrapolation_dp2_N0750_Df1.8_kf1.3_rep04,750,0.01653252455454113,-0.014110677083333356,0.014110677083333356,True,0.004068192537420412,-0.0019912255870123685,-4.1084014368308885e-07,0.09385585784273864,-0.04551144692472886,-0.05898239530389414,0.021333333333333315,0.014666666666666661,0.03347326919086335,6.019068980863381,0.1253333333333333,0.31466666666666665,-0.034100519535632146,0.04839123373635701
independent_extrapolation_dp1.5_N0750_Df1.8_kf1.3_rep03,independent_extrapolation_dp1_N0750_Df1.8_kf1.3_rep04,750,8.941576090653106e-05,0.002289713541666627,0.002289713541666627,True,0.00043399276574085377,7.503565184729943e-05,1.4266663539430624e-07,0.04312433904189117,-0.053824606847895556,0.003440307149619709,0.0,0.0,0.0031369138858601264,-5.267934134401415,0.09333333333333327,0.12266666666666737,-0.015474450795325334,0.2999416023306356
independent_extrapolation_dp1.5_N0750_Df1.8_kf1.3_rep04,independent_extrapolation_dp1_N0750_Df1.8_kf1.3_rep05,750,0.06514100414327874,-0.010168619791666611,0.010168619791666611,True,-0.012448412677042775,-0.001123532442272146,-2.262879652548122e-07,-0.07069691143937373,0.018993119889225973,0.03572439978340464,0.014666666666666661,0.006666666666666654,0.029166242865016345,11.523414330218067,0.05600000000000005,0.39200000000000035,-0.0008120815826179184,-0.8710722384191776
independent_extrapolation_dp1.5_N0750_Df1.8_kf1.3_rep05,independent_extrapolation_dp1_N0750_Df1.8_kf1.3_rep02,750,0.05397875400460738,-0.0008157552083333242,0.0008157552083333242,True,-0.0009418576436079906,0.004631367645794415,3.320191410693951e-07,-0.04094148986318413,0.011489302255037678,0.010220874294856797,0.016000000000000014,0.016000000000000014,0.022728250359954405,9.636817089452606,0.04266666666666641,0.20000000000000018,0.017727552303376803,0.4979917096562483
independent_extrapolation_dp1.5_N0750_Df2.2_kf1.1_rep01,independent_extrapolation_dp1_N0750_Df2.2_kf1.1_rep03,750,0.006518768326424996,-0.00577799479166663,0.00577799479166663,True,-0.0031531827782060873,-0.001008314171935476,1.433209018131265e-07,-0.02248884281713459,-0.11067848200587843,0.09419307921187581,-0.01200000000000001,-0.001333333333333353,-0.018298992045701512,-1.6719928793947503,0.040000000000000036,-0.1039999999999992,-0.031073469697075695,0.31824173436635483
independent_extrapolation_dp1.5_N0750_Df2.2_kf1.1_rep02,independent_extrapolation_dp1.5_N0750_Df2.2_kf1.1_rep04,750,0.024083523645191125,0.003822265625000043,0.003822265625000043,True,-0.007390220415159909,0.000946019139623,3.7924258089461205e-07,0.04384166056528127,0.0009187252071197194,-0.05654446426190282,-0.006666666666666654,0.001333333333333353,-0.02267454513832856,-5.346299955496214,-0.04800000000000004,-0.24266666666666836,-0.006154408958545299,-0.48556341386081137
independent_extrapolation_dp1.5_N0750_Df2.2_kf1.1_rep03,independent_extrapolation_dp1_N0750_Df2.2_kf1.1_rep02,750,0.01913519563052187,0.0030937500000000062,0.0030937500000000062,True,-0.00673887421153907,0.0006229688194262506,-1.0812980422159058e-07,0.02427791648276656,0.14252378248638659,-0.13241297077943603,0.008000000000000007,0.0013333333333332975,0.016804081116296055,-10.752971962616819,-0.008000000000000007,0.0426666666666673,-0.012386918474865838,1.5637441788708237
independent_extrapolation_dp1.5_N0750_Df2.2_kf1.1_rep05,independent_extrapolation_dp2_N0750_Df2.2_kf1.1_rep04,750,0.009728579569382027,-0.0016972656249999996,0.0016972656249999996,True,0.0016899359479705112,0.0018532378332081212,-7.495278193658805e-07,-0.01569962103960376,-0.1415503532104216,0.11905668594062499,-0.014666666666666661,-0.008000000000000007,-0.02558656884150079,-4.896356030262574,-0.1466666666666674,-0.33066666666666755,0.009364533222843696,-0.7100560117192654
independent_extrapolation_dp1.5_N0750_Df2.6_kf0.8_rep01,independent_extrapolation_dp1_N0750_Df2.6_kf0.8_rep03,750,0.00036432929685915465,-0.0008170572916666452,0.0008170572916666452,True,0.0003402559764289492,0.00035666210623552796,-2.9278757218698104e-07,0.004117950790860636,-0.0023334614588561564,-0.010930700082795397,0.00666666666666671,0.0040000000000000036,0.017299476177326967,-9.110850022251888,-0.19200000000000017,-0.16800000000000104,-0.0175055710563799,-0.9212002058250288
independent_extrapolation_dp1.5_N0750_Df2.6_kf0.8_rep02,independent_extrapolation_dp2_N0750_Df2.6_kf0.8_rep03,750,0.08967153681286051,-0.0017910156250000031,0.0017910156250000031,True,0.013374593511605859,-0.0026921839589882923,1.8387327818114585e-06,-0.00964681022456404,-0.09705290991871213,0.08012995241006243,0.017333333333333367,0.002666666666666706,0.03308088991667257,-1.7511419670671984,0.04533333333333278,0.029333333333333655,-0.0006609804737605085,1.1818874942156707
independent_extrapolation_dp1.5_N0750_Df2.6_kf0.8_rep03,independent_extrapolation_dp1_N0750_Df2.6_kf0.8_rep01,750,0.02016113500293045,0.00044856770833334725,0.00044856770833334725,True,-0.006497304663684922,-0.0011445781486353335,8.335374301893239e-08,0.021580142984603423,-0.0073696326252463695,-0.05422895822057616,0.00933333333333336,0.010666666666666658,0.002673818309451459,11.611599465954605,-0.03733333333333366,-0.007999999999999119,-0.00946763765017794,-1.5137974024040801
independent_extrapolation_dp1.5_N0750_Df2.6_kf0.8_rep05,independent_extrapolation_dp1_N0750_Df2.6_kf0.8_rep02,750,0.04434166614480157,0.003052734374999977,0.003052734374999977,True,0.004797706180915462,0.003748838343030747,-3.0116761839948936e-07,-0.008851966826305957,-0.016143171448435134,0.028402390921278275,0.02799999999999997,0.00933333333333336,0.041237089344445255,0.9790582999554971,0.016000000000000014,-0.010666666666665492,0.02096460106791448,-1.5140802452786275
independent_extrapolation_dp1.5_N1000_Df1.8_kf1.3_rep01,independent_extrapolation_dp1_N1000_Df1.8_kf1.3_rep03,1000,0.030761311563850636,-0.0026381835937500098,0.0026381835937500098,True,0.007859066367629453,0.0015563215471783298,-1.8035795212867356e-07,0.02673359512604323,-0.04327474435281864,0.023414465153210377,0.0030000000000000027,0.006000000000000005,-0.0012100157861570926,-14.428372372372365,-0.03400000000000025,0.13999999999999968,0.02035705320053316,-0.9162352695434546
independent_extrapolation_dp1.5_N1000_Df1.8_kf1.3_rep02,independent_extrapolation_dp1_N1000_Df1.8_kf1.3_rep01,1000,0.010025289493536007,0.002322753906249919,0.002322753906249919,True,-0.002093411904128928,0.0018190481173840922,-4.816449412636814e-07,-0.14701263440656265,0.11124783690316623,0.014942604093643647,0.017000000000000015,0.0040000000000000036,0.04205729021386784,22.550342342342347,0.16199999999999992,0.20199999999999996,-0.0015183146922677637,-0.5105160662122685
independent_extrapolation_dp1.5_N1000_Df1.8_kf1.3_rep04,independent_extrapolation_dp1_N1000_Df1.8_kf1.3_rep05,1000,0.006666698688715819,0.006357421874999991,0.006357421874999991,True,-0.0036397977571076545,-0.0007395803144101265,2.788925717034374e-07,-0.04544172195270224,-0.012410371815162913,0.047784479502943296,0.019000000000000017,0.006000000000000005,0.03948186801715303,8.895475475475479,-0.04600000000000026,-0.09600000000000009,-0.032369613506135986,-1.1912763370439095
independent_extrapolation_dp1.5_N1000_Df1.8_kf1.3_rep05,independent_extrapolation_dp2_N1000_Df1.8_kf1.3_rep02,1000,0.000618082108488191,-0.009408691406250003,0.009408691406250003,True,-0.000977503732075613,0.00030716555145360314,-6.385961004440333e-08,-0.0537552699020033,0.1505312300682654,-0.033506256384125264,0.01100000000000001,0.006000000000000005,0.02202546077263745,1.3842562562562648,0.05600000000000005,0.17400000000000038,-0.0024852691795934634,1.522282973564134
independent_extrapolation_dp1.5_N1000_Df2.2_kf1.1_rep01,independent_extrapolation_dp2_N1000_Df2.2_kf1.1_rep01,1000,0.0070155145704424065,-0.0068916015624999605,0.0068916015624999605,True,-0.0015213977669579215,0.0015607247168313299,8.064356129544592e-07,0.05583138079589722,-0.12757183049683873,-0.021070697701265684,0.0,-0.02699999999999997,0.03322174298812319,-11.207131131131128,0.28000000000000025,0.4299999999999997,0.001262146899422334,3.17187226318231
independent_extrapolation_dp1.5_N1000_Df2.2_kf1.1_rep02,independent_extrapolation_dp1.5_N1000_Df2.2_kf1.1_rep03,1000,0.008229366821880033,-0.0038613281250000075,0.0038613281250000075,True,0.004334908807969828,0.0005339636963368477,-1.3808825505279287e-07,-0.04922024119109625,-0.0367091363232418,0.10657904254950029,0.0040000000000000036,0.0050000000000000044,0.002164224828946182,-7.515267267267269,0.16999999999999993,0.26399999999999935,0.0016748917009793418,-0.1826266828889178
independent_extrapolation_dp1.5_N1000_Df2.2_kf1.1_rep04,independent_extrapolation_dp1_N1000_Df2.2_kf1.1_rep03,1000,0.31684518010423524,0.007402832031249973,0.007402832031249973,True,-0.016392946728848834,0.009151037080512459,1.0447250917700046e-06,-0.10540912447286677,0.03272870533045458,0.08475754038731337,0.015000000000000013,-0.0020000000000000018,0.04165558490257815,-4.136006006005999,0.04800000000000004,-0.014000000000001123,0.012131522112120985,0.5144183849748565
independent_extrapolation_dp1.5_N1000_Df2.6_kf0.8_rep01,independent_extrapolation_dp1_N1000_Df2.6_kf0.8_rep05,1000,0.015057539179257666,-0.0011425781250000155,0.0011425781250000155,True,-0.004172905512853653,0.001799142352519767,-7.077536312571908e-07,-0.014716767599155856,-0.028465657260714705,0.05094501380532107,0.02100000000000002,0.013000000000000012,0.02534663604555809,-11.650578578578575,-0.11000000000000032,0.15399999999999991,-0.0007303090396690304,0.16419822645232962
independent_extrapolation_dp1.5_N1000_Df2.6_kf0.8_rep02,independent_extrapolation_dp2_N1000_Df2.6_kf0.8_rep05,1000,0.03975283870849947,0.0035170898437499876,0.0035170898437499876,True,-0.001833190389127104,0.003919622630171649,-1.8543236719459344e-06,-0.021247798731888645,0.006258220139530146,0.052350402133122365,-0.019000000000000017,-0.0020000000000000018,-0.03667250983384995,-6.315913913913917,-0.05600000000000005,-0.1899999999999995,0.014950044017448205,-0.6543846642609452
independent_extrapolation_dp1.5_N1000_Df2.6_kf0.8_rep03,independent_extrapolation_dp1.5_N1000_Df2.6_kf0.8_rep05,1000,0.05233654568063853,-0.0003637695312500022,0.0003637695312500022,True,0.009152660605356022,0.0027443080889655302,-8.117352168213188e-08,-0.027035062996662695,0.10490325057010186,-0.005066519355080568,0.0020000000000000018,-0.007999999999999952,0.007905769909134497,3.7897537537537502,0.15399999999999991,0.20599999999999952,0.008293411776516713,-0.7140809901966794
independent_extrapolation_dp1.5_N1000_Df2.6_kf0.8_rep04,independent_extrapolation_dp1_N1000_Df2.6_kf0.8_rep02,1000,0.013947126188696535,0.004335937499999998,0.004335937499999998,True,0.0035433711047834215,0.0018894374479416776,6.857404626359198e-07,-0.03777940226136567,0.05417044593145781,0.08358213801924852,0.01200000000000001,0.008999999999999952,0.01593691503966166,-8.530696696696701,-0.11000000000000032,-0.33000000000000007,-0.009860083746467407,-1.2790900439230075
independent_extrapolation_dp1_N0750_Df1.8_kf1.3_rep01,independent_extrapolation_dp2_N0750_Df1.8_kf1.3_rep03,750,0.0027949679966498904,-0.001813151041666683,0.001813151041666683,True,0.00011152452089091547,-0.001056407669253856,2.4772816908935624e-07,0.07107227330597932,-0.03470342670315585,-0.04703021363165366,-0.0040000000000000036,0.008000000000000007,-0.021125417924503065,2.44362082777036,-0.16266666666666652,-0.20800000000000018,-0.0011853758988980556,1.7534904415600359
independent_extrapolation_dp1_N0750_Df1.8_kf1.3_rep03,independent_extrapolation_dp2_N0750_Df1.8_kf1.3_rep02,750,0.06750297323273367,0.0011113281250000329,0.0011113281250000329,True,0.012556350419557383,0.0013323961707009113,-2.524299738126956e-07,-0.014084274487349169,0.023214785605806476,-0.009368780920888421,0.005333333333333357,0.002666666666666706,0.009817844600187642,-1.0238504672897193,0.01066666666666638,-0.21066666666666656,-0.022425465009666246,-1.4125423797807297
independent_extrapolation_dp1_N0750_Df2.2_kf1.1_rep01,independent_extrapolation_dp1_N0750_Df2.2_kf1.1_rep05,750,0.047370678076625206,0.0004752604166666785,0.0004752604166666785,True,0.010870186959798023,-0.00020619627565987564,-1.8904822152165934e-08,-0.08868628301478643,0.08718162247424777,0.08119060584046045,0.0013333333333332975,-0.005333333333333357,0.008606757317015656,14.209449043168675,0.14133333333333375,0.10133333333333283,-0.013860827401418918,-2.4845111241632774
independent_extrapolation_dp1_N0750_Df2.2_kf1.1_rep04,independent_extrapolation_dp2_N0750_Df2.2_kf1.1_rep01,750,0.057312476379774185,-0.0021503906249999982,0.0021503906249999982,True,0.009361448581257648,0.002983808878863514,1.6004825909021747e-07,0.012839852101475424,0.01966000701830878,-0.031530226392925936,-0.010666666666666658,-0.00933333333333336,-0.014548379159341263,-3.9984583889630656,0.05333333333333368,0.07200000000000095,-0.006628683606128172,0.5194014295834801
independent_extrapolation_dp1_N0750_Df2.6_kf0.8_rep04,independent_extrapolation_dp2_N0750_Df2.6_kf0.8_rep04,750,0.0012209217642858003,-0.0002083333333333104,0.0002083333333333104,True,-0.0017411496525343573,5.7553172901569916e-05,3.075188230949877e-06,-0.022095994331583935,0.05035872618012749,0.03693064013421804,0.013333333333333308,0.018666666666666665,0.005443351701138521,-0.09090520694258686,0.02400000000000002,-0.08533333333333282,0.010809366927287511,-1.5036281217369591
independent_extrapolation_dp1_N0750_Df2.6_kf0.8_rep05,independent_extrapolation_dp2_N0750_Df2.6_kf0.8_rep05,750,0.010328850490205902,0.002116536458333318,0.002116536458333318,True,0.005070735146759819,0.00013252700671451123,-1.3427473133376111e-08,0.012502399371758455,-0.1881023859922859,0.06531889998598261,-0.010666666666666658,-0.018666666666666665,0.011928893167813093,9.857317311971514,-0.12533333333333285,-0.277333333333333,0.0054958013035409925,-0.9943170284121905
independent_extrapolation_dp1_N1000_Df1.8_kf1.3_rep02,independent_extrapolation_dp2_N1000_Df1.8_kf1.3_rep03,1000,0.006978783671241406,0.009345703125000049,0.009345703125000049,True,0.0009839462345642147,-0.0016237639722861408,9.308150339393251e-08,-0.11474130863151843,0.1346980490257358,-0.02507262950522393,-0.015000000000000013,-0.009000000000000008,-0.027553186458327827,-10.872872872872861,-0.08199999999999985,-0.25400000000000045,-0.016297085115150267,0.7340086344823247
independent_extrapolation_dp1_N1000_Df1.8_kf1.3_rep04,independent_extrapolation_dp2_N1000_Df1.8_kf1.3_rep01,1000,0.009985762231416081,0.006435058593750043,0.006435058593750043,True,-0.0049959879405410135,-2.686284127628724e-05,5.675963969942188e-07,0.056680594834960685,-0.05437954718391419,-0.008967027356311899,-0.02400000000000002,-0.01899999999999996,-0.03556140579233735,18.199441441441436,0.03600000000000003,-0.08800000000000008,-0.006177361897754641,-0.7723954684235901
independent_extrapolation_dp1_N1000_Df2.2_kf1.1_rep01,independent_extrapolation_dp2_N1000_Df2.2_kf1.1_rep02,1000,0.0009831139585730112,-0.0017836914062500098,0.0017836914062500098,True,-0.0015630247761588834,4.856079990445128e-05,2.539659531564098e-07,0.007828355165532153,-0.06765644130213583,0.043309486090184424,-0.01200000000000001,-0.009999999999999953,-0.011841238108769692,-9.63167567567568,-0.03200000000000003,0.026000000000001577,-0.00022213420080263724,0.26892027993982204
independent_extrapolation_dp1_N1000_Df2.2_kf1.1_rep02,independent_extrapolation_dp1_N1000_Df2.2_kf1.1_rep04,1000,0.02724278222724653,0.0005166015624999964,0.0005166015624999964,True,-0.0020967724427300993,0.003192754319180202,2.8320985556717915e-08,-0.014164080428077153,0.06771373209879206,-0.025875098713019462,0.01100000000000001,0.01100000000000001,0.005394811478852346,-0.9795835835835831,0.14999999999999947,0.33999999999999986,-0.004867373119141483,-0.4729134862574025
independent_extrapolation_dp1_N1000_Df2.2_kf1.1_rep05,independent_extrapolation_dp2_N1000_Df2.2_kf1.1_rep03,1000,0.001496393671521427,0.001996582031250027,0.001996582031250027,True,0.001003602971134221,-0.0006613640758473815,-6.368568605807923e-08,-0.029079725158100866,0.1877091809559414,-0.09048793755414797,0.008000000000000007,-0.0020000000000000018,0.019145639041110885,-10.162158158158157,0.09000000000000075,0.11800000000000033,0.01604306071488487,-1.298688152050408
independent_extrapolation_dp1_N1000_Df2.6_kf0.8_rep01,independent_extrapolation_dp1_N1000_Df2.6_kf0.8_rep04,1000,0.00678827446318914,-0.0019248046875000036,0.0019248046875000036,True,-0.002740421544694449,-0.0012303349732717406,2.0016840673875436e-07,0.01868120373731308,0.10713856072857914,-0.1336136870483931,0.0040000000000000036,0.007000000000000006,0.0010035206312554168,-13.438310310310307,0.12399999999999967,0.05599999999999916,-0.0041830697616694335,-0.04832266438439525
independent_extrapolation_dp1_N1000_Df2.6_kf0.8_rep03,independent_extrapolation_dp2_N1000_Df2.6_kf0.8_rep01,1000,0.016856698710517114,0.0009467773437500382,0.0009467773437500382,True,0.0062246723412431315,0.0007370428503641335,-3.9725570299964374e-07,-0.007956714980464241,0.05132106325753699,-0.014163079984636784,0.01200000000000001,0.012999999999999956,0.006054780696628348,-5.267015015015012,0.040000000000000036,0.10599999999999987,0.010653095002693902,-1.2436786112012808
independent_extrapolation_dp2_N0750_Df1.8_kf1.3_rep01,independent_extrapolation_dp2_N0750_Df1.8_kf1.3_rep05,750,0.0001740933849986353,-0.0037272135416666075,0.0037272135416666075,True,0.0005056958701354919,-0.00016947219213758746,-1.0798739369377586e-07,0.02015782983781267,-0.05469263240849809,0.025709358567607643,0.03466666666666662,0.025333333333333347,0.05030550388963062,-9.537545171339573,-0.01866666666666683,-0.10933333333333373,-0.014333536742705488,0.20202772167605154
independent_extrapolation_dp2_N0750_Df2.2_kf1.1_rep03,independent_extrapolation_dp2_N0750_Df2.2_kf1.1_rep05,750,0.04546240842326102,-0.00394531250000002,0.00394531250000002,True,0.008691685405899818,0.0024693521697164433,-7.763320271081398e-07,0.03031841184542916,-0.07623675080539244,0.01905682970888009,-0.00933333333333336,-0.005333333333333301,-0.01288052423421071,-4.374543836226074,0.0,-0.1386666666666656,-0.005578420000756534,0.9101114568293234
independent_extrapolation_dp2_N0750_Df2.6_kf0.8_rep01,independent_extrapolation_dp2_N0750_Df2.6_kf0.8_rep02,750,0.023698750668822967,0.002281901041666645,0.002281901041666645,True,-0.002256874972307532,0.0029435595331211983,1.1388333183148802e-06,-0.018072115731499028,0.059557140539832965,0.02466026726527004,0.016000000000000014,0.00933333333333336,0.028287261100473637,-0.8345206942590124,0.10933333333333373,-0.0773333333333337,-0.02113426173879429,0.40515448968508316
independent_extrapolation_dp2_N1000_Df1.8_kf1.3_rep04,independent_extrapolation_dp2_N1000_Df1.8_kf1.3_rep05,1000,0.0930269980660868,-0.006628417968749911,0.006628417968749911,True,0.014607455284094462,0.0017522440600965528,-1.6350484255411857e-07,-0.020658202453880614,-0.051224812511141166,0.059535303424114366,0.013000000000000012,0.008000000000000007,0.02501348203205378,-13.119595595595598,-0.04400000000000004,0.18400000000000016,0.004581684107885398,0.6766621749364674
independent_extrapolation_dp2_N1000_Df2.2_kf1.1_rep04,independent_extrapolation_dp2_N1000_Df2.2_kf1.1_rep05,1000,0.041770584067397226,0.009322753906250036,0.009322753906250036,True,-0.0033712048433973685,0.003858734260295149,1.8745969709854648e-07,-0.1209234702071984,0.19136053891565064,0.0522319231994976,0.028000000000000025,0.03199999999999997,0.02516107952633695,4.788036036036033,-0.04800000000000004,-0.21999999999999886,0.00976308515625901,-1.5812830670154892
independent_extrapolation_dp2_N1000_Df2.6_kf0.8_rep02,independent_extrapolation_dp2_N1000_Df2.6_kf0.8_rep04,1000,0.04737859792023221,-0.0023554687500000338,0.0023554687500000338,True,-0.009471270389496134,-0.0021444451780219254,-2.3076140820421642e-06,0.025825294301693447,-0.04579779097836134,-0.04446033257315807,-0.0050000000000000044,0.0,-0.0071111506768349875,-24.46983583583583,0.038000000000000256,0.3179999999999996,0.017435125604867374,1.1677997177634651
independent_interpolation_dp1.5_N0075_Df2.4_kf0.95_rep01,independent_interpolation_dp1_N0075_Df2.4_kf0.95_rep02,75,0.42577402148953664,0.003131510416666594,0.003131510416666594,False,-0.03141683445776611,0.003519490108005119,-3.4360816687506457e-06,-0.011124569409849405,0.06078716564568437,-0.01673105998220381,0.026666666666666672,0.026666666666666672,0.03144790433996858,-0.5628828828828816,-0.3466666666666667,-0.3200000000000003,-0.03426513207207127,-1.2489495798319332
independent_interpolation_dp1.5_N0075_Df2.4_kf0.95_rep02,independent_interpolation_dp1_N0075_Df2.4_kf0.95_rep03,75,0.08240405029213191,-0.003085937499999969,0.003085937499999969,False,0.010581366812433934,-0.0038790679728213373,-1.3482759169125558e-06,0.01176671019688691,-0.14502686276177024,0.03361134397957974,0.026666666666666672,-0.026666666666666672,0.06672755841995304,-0.3697297297297304,0.05333333333333368,0.293333333333333,0.04225963488115925,2.227408008658008
independent_interpolation_dp1.5_N0075_Df2.4_kf0.95_rep04,independent_interpolation_dp2_N0075_Df2.4_kf0.95_rep05,75,0.004815576633351677,-0.001256510416666634,0.001256510416666634,False,-0.0033687697324533694,-0.00033234489870259676,1.4535025634199172e-06,-0.07502827708867899,0.2029541699806635,0.07944389378063621,0.026666666666666672,0.026666666666666672,0.02801962611811082,-1.4190990990990997,0.21333333333333293,-0.15999999999999837,0.008528574536147082,0.1038690476190478
independent_interpolation_dp1.5_N0075_Df2.4_kf0.95_rep05,independent_interpolation_dp2_N0075_Df2.4_kf0.95_rep04,75,0.0038581892690426034,-0.0007877604166667274,0.0007877604166667274,False,-0.0031055264982331465,1.373079096500529e-05,1.0320712533928855e-05,0.05822026465025565,-0.16643456125060757,-0.027166001104536902,-0.026666666666666672,0.05333333333333329,-0.10907578610267477,-0.4014414414414418,0.18666666666666654,-0.05333333333333279,-0.06457306100128629,-2.5093073593073596
independent_interpolation_dp1.5_N0075_Df2_kf1.2_rep01,independent_interpolation_dp1.5_N0075_Df2_kf1.2_rep02,75,0.11277437794817889,-0.0038867187499999067,0.0038867187499999067,False,0.0007507424782653427,0.0067096626514515645,-1.672543816333416e-06,-0.09581265916770243,0.09534470283792482,0.005264234632906484,0.026666666666666672,0.05333333333333329,1.1102230246251565e-16,0.46342342342342313,0.05333333333333368,0.586666666666666,-0.02706778789905845,0.39920634920635045
independent_interpolation_dp1.5_N0075_Df2_kf1.2_rep03,independent_interpolation_dp1_N0075_Df2_kf1.2_rep02,75,0.11662034915490466,-0.005585937500000027,0.005585937500000027,False,0.012909902286241337,0.00447008359379486,4.3928736115361744e-07,0.027985946535261208,-0.12341064630614373,0.05993631423404047,0.09333333333333338,0.05333333333333337,0.15818231308394415,-1.8839639639639643,0.2666666666666666,0.9333333333333327,-0.00933653582768057,-0.4077931012915528
independent_interpolation_dp1.5_N0075_Df2_kf1.2_rep04,independent_interpolation_dp2_N0075_Df2_kf1.2_rep01,75,0.1007406651116606,-0.00029947916666661634,0.00029947916666661634,False,-0.0019012343888067385,-0.006302215109981191,4.320524735978992e-06,0.025120902019926783,0.01231526544903927,-0.03881128993110458,-0.026666666666666672,0.0,-0.06179029759535848,1.0529729729729738,-0.2400000000000002,-0.05333333333333368,-0.062046141405849964,-1.0898378582202106
independent_interpolation_dp1.5_N0075_Df2_kf1.2_rep05,independent_interpolation_dp2_N0075_Df2_kf1.2_rep05,75,0.37624040584943647,0.012565104166666674,0.012565104166666674,False,-0.01608984520624812,0.010443891197154942,7.1959169736235395e-06,-0.08929705912779373,0.36414337498734606,-0.05772885119594173,-0.026666666666666672,-0.040000000000000036,-0.014554480278869963,-2.791351351351352,-0.10666666666666691,-0.3466666666666667,0.04357499415703081,0.37163299663299654
independent_interpolation_dp1.5_N0150_Df2.4_kf0.95_rep01,independent_interpolation_dp1.5_N0150_Df2.4_kf0.95_rep04,150,0.1576248883961154,-0.004140625000000009,0.004140625000000009,True,-0.012277784275878556,-0.006239464518886573,3.881355230550554e-07,0.01972223593400524,0.07302822121142838,-0.08896950386939834,0.020000000000000018,0.013333333333333336,0.034636096581439624,-1.8266666666666644,0.013333333333333641,0.3466666666666658,0.011939063287899954,-0.33186813186813247
independent_interpolation_dp1.5_N0150_Df2.4_kf0.95_rep02,independent_interpolation_dp1_N0150_Df2.4_kf0.95_rep05,150,0.02344985762908826,0.006793619791666705,0.006793619791666705,True,-0.006066353924378376,0.001868646318034517,1.9194200433503283e-06,-0.029932076395180363,0.17258454240242688,-0.06963589820801769,0.033333333333333326,0.026666666666666672,0.04331769214711645,0.3680536912751684,-0.2400000000000002,-0.2666666666666675,-0.001685107065689584,-0.4325450668734234
independent_interpolation_dp1.5_N0150_Df2.4_kf0.95_rep03,independent_interpolation_dp1_N0150_Df2.4_kf0.95_rep03,150,0.0949055485280918,-0.007874348958333388,0.007874348958333388,True,-0.013224428992025139,-0.0031591986111699777,6.454703265212913e-07,0.05123980189514887,-0.07598480719424794,-0.04606674306307962,0.046666666666666634,0.019999999999999962,0.07516948824273673,-0.3999105145413875,0.4133333333333331,0.4800000000000004,-0.004023305889892803,0.9299634833690567
independent_interpolation_dp1.5_N0150_Df2.4_kf0.95_rep05,independent_interpolation_dp2_N0150_Df2.4_kf0.95_rep03,150,0.2283032434475392,-0.01000325520833334,0.01000325520833334,False,0.004735725226364451,-0.009366587555341366,-4.353435712145526e-06,0.0073579955656509766,0.025056452180609368,-0.026917884064844022,0.026666666666666672,0.013333333333333364,0.05776929587777058,-0.6420581655480984,0.28000000000000025,0.4666666666666668,0.017572155639325737,-0.536029411764706
independent_interpolation_dp1.5_N0150_Df2_kf1.2_rep01,independent_interpolation_dp1_N0150_Df2_kf1.2_rep03,150,0.039551460252939846,0.013736979166666607,0.013736979166666607,True,0.0005064064252975342,-0.003972348487527588,-5.43726487833851e-07,0.08431904653811939,-0.058285161192779156,-0.06320301375805609,0.04666666666666669,0.053333333333333344,0.04550634991512503,-2.618434004474274,-0.33333333333333304,-0.3866666666666667,-0.01324550485618825,0.24714251265975395
independent_interpolation_dp1.5_N0150_Df2_kf1.2_rep02,independent_interpolation_dp2_N0150_Df2_kf1.2_rep04,150,0.05121594489312776,-0.0009016927083332904,0.0009016927083332904,True,0.01128382442976883,0.00033827053574830845,-8.412297214377418e-08,-0.03501407719028449,0.011893878193959345,0.017991436136634925,-0.020000000000000018,0.0,-0.05034571821500189,4.677494407158839,-0.09333333333333327,-0.05333333333333368,0.010813888225891244,-1.0461017891906934
independent_interpolation_dp1.5_N0150_Df2_kf1.2_rep03,independent_interpolation_dp1_N0150_Df2_kf1.2_rep01,150,0.062443577464812834,-0.0006510416666666297,0.0006510416666666297,True,-0.00016493484049662221,-0.004997307117405092,2.915623387167443e-08,0.01395592432308157,-0.040583923232310526,0.022968988597856482,-0.033333333333333326,0.013333333333333364,-0.09357098443835621,0.3440715883668908,-0.06666666666666643,0.026666666666666394,-0.016752849500214495,0.0550366300366294
independent_interpolation_dp1.5_N0150_Df2_kf1.2_rep04,independent_interpolation_dp2_N0150_Df2_kf1.2_rep01,150,0.033352897652041136,-0.0005761718750000311,0.0005761718750000311,True,-0.007940915676305726,-0.001803290430381299,3.696756109006216e-06,0.07021246612605447,-0.05127387740276629,-0.02310503590015678,0.0,0.0,0.0,0.5473825503355698,-0.2799999999999998,-0.3200000000000003,0.03455432958062121,0.6099604412568747
independent_interpolation_dp1.5_N0350_Df2.4_kf0.95_rep01,independent_interpolation_dp2_N0350_Df2.4_kf0.95_rep02,350,0.005937861659933307,-0.0012304687499999911,0.0012304687499999911,True,0.0036853394366578307,0.00044952016843702314,2.2857079082783116e-06,-0.005829197586243229,-0.09084649544748974,0.0783236473868314,0.02857142857142858,0.011428571428571399,0.04448759553567505,0.47291035611952736,0.18285714285714239,0.34857142857142875,0.010352788792446,1.5173797589211109
independent_interpolation_dp1.5_N0350_Df2.4_kf0.95_rep02,independent_interpolation_dp1.5_N0350_Df2.4_kf0.95_rep04,350,0.01348774936055607,0.005970982142857184,0.005970982142857184,True,-0.0020453758655336607,0.002173874365094086,-1.7296150534029664e-07,-0.017503420358115362,-0.12651645002720602,0.11254553082558708,-0.025714285714285745,-0.011428571428571399,-0.049812904581396755,3.5526483831354874,-0.2857142857142856,-0.6228571428571428,-0.009781012293394176,0.3765087634342166
independent_interpolation_dp1.5_N0350_Df2.4_kf0.95_rep03,independent_interpolation_dp1_N0350_Df2.4_kf0.95_rep01,350,0.010289935956785888,0.002774832589285736,0.002774832589285736,True,-0.0030225759264563834,-0.0016291776900397847,1.5321132680323757e-06,-0.05292654070658154,-0.052169745064347406,0.12193788648046888,-0.011428571428571399,-0.011428571428571455,-0.008922742055741062,5.292361850184204,0.22857142857142865,-0.12571428571428633,0.013760375068766428,-3.7105027652086466
independent_interpolation_dp1.5_N0350_Df2.4_kf0.95_rep05,independent_interpolation_dp2_N0350_Df2.4_kf0.95_rep03,350,0.0015539364325011906,-0.004281529017857166,0.004281529017857166,True,-0.0016113557473245166,0.00045402620837431407,-1.5115061222648052e-06,0.020295371479877145,-0.0017235669875065862,-0.051196954588886734,-0.011428571428571455,0.019999999999999962,-0.05089576972045273,-3.430306999590666,-0.17142857142857082,0.17714285714285793,0.0009721158324971779,3.074092318919906
independent_interpolation_dp1.5_N0350_Df2_kf1.2_rep01,independent_interpolation_dp2_N0350_Df2_kf1.2_rep01,350,0.029413290722900765,0.006562500000000027,0.006562500000000027,True,-0.007241083955159988,0.0018373864029790354,-3.7146149209910106e-06,0.05941205875400646,-0.11174932068488058,0.022809733020213163,-0.005714285714285672,-0.005714285714285727,-0.007018862152250449,-2.4762832582889907,-0.3085714285714287,-0.6971428571428575,0.04038320081016539,0.636888158846256
independent_interpolation_dp1.5_N0350_Df2_kf1.2_rep02,independent_interpolation_dp1_N0350_Df2_kf1.2_rep04,350,0.03433308022353555,0.004987444196428492,0.004987444196428492,True,-0.008908716849943543,-0.0010172484177521923,-6.003213837146859e-08,-0.06205516881619244,0.07174683708880211,-0.009848771203652407,0.05428571428571427,0.03428571428571431,0.08445388417145461,3.1527629963160066,-0.08000000000000007,0.005714285714285339,0.029264393074605488,0.5953829946236482
independent_interpolation_dp1.5_N0350_Df2_kf1.2_rep04,independent_interpolation_dp2_N0350_Df2_kf1.2_rep04,350,0.0020475503522085275,-0.003832310267857131,0.003832310267857131,True,-0.0005764423445624445,-0.0008751310853961636,3.6245409118507155e-07,-0.029553225590568055,0.021828457608426,0.013806914111686122,0.022857142857142854,0.011428571428571399,0.03876012854834521,-0.08180106426524958,0.09142857142857164,0.31428571428571406,-0.0017059565223371265,-0.6017180566617357
independent_interpolation_dp1.5_N0350_Df2_kf1.2_rep05,independent_interpolation_dp1_N0350_Df2_kf1.2_rep03,350,0.0037947428801008523,-0.006862444196428563,0.006862444196428563,True,0.00017240618381730854,0.001230098097423693,4.16462508479043e-07,0.11916725750259405,-0.1722185667354032,0.027698446397618898,0.037142857142857144,0.017142857142857126,0.06927297050122971,-3.3040851412198116,0.040000000000000036,0.045714285714285374,0.00022377717907007266,0.6529195222204338
independent_interpolation_dp1_N0075_Df2.4_kf0.95_rep01,independent_interpolation_dp2_N0075_Df2.4_kf0.95_rep03,75,0.0611517524239329,0.013971354166666616,0.013971354166666616,False,0.0009879271483828056,0.004929963586223662,-6.681170893196864e-06,-0.054500372864582314,0.10990047992868385,0.04692837244004794,-0.06666666666666671,0.013333333333333308,-0.1662963945957402,0.12180180180180145,-0.7200000000000002,-0.4800000000000004,0.01027462306476834,0.4173645320197048
independent_interpolation_dp1_N0075_Df2.4_kf0.95_rep04,independent_interpolation_dp1_N0075_Df2.4_kf0.95_rep05,75,0.08749922776192261,-0.0012760416666667274,0.0012760416666667274,False,-0.013008753136329432,-0.0028148296216388147,4.1898647751281715e-07,0.05084258116894236,-0.11948918265200137,-0.06926151351331183,-0.026666666666666672,0.0,-0.05871473326227894,1.3578378378378382,0.45333333333333314,-0.3466666666666658,0.013822972106034226,0.24867336964111075
independent_interpolation_dp1_N0075_Df2_kf1.2_rep01,independent_interpolation_dp1_N0075_Df2_kf1.2_rep05,75,0.04226632280177816,-0.01155598958333337,0.01155598958333337,False,0.0009151403136606895,-0.004095428186859262,-6.690617799787191e-07,-0.032464336561124685,0.0860346800161681,-0.03321221342486766,0.040000000000000036,-0.013333333333333308,0.10203649181494223,-2.188108108108109,0.5333333333333332,0.4800000000000004,-0.03225394338867771,-0.18715239154616192
independent_interpolation_dp1_N0075_Df2_kf1.2_rep03,independent_interpolation_dp1_N0075_Df2_kf1.2_rep04,75,0.0634227160685176,-0.0008984375000000711,0.0008984375000000711,True,0.009734832532760862,0.003194741322370742,1.2652784087130442e-07,0.006426880457581996,-0.029975178816169512,0.019654929050249514,0.06666666666666665,0.053333333333333344,0.09628744546188461,-0.48072072072072203,0.31999999999999984,0.45333333333333314,0.0008542690723195578,-2.05
independent_interpolation_dp1_N0150_Df2.4_kf0.95_rep01,independent_interpolation_dp1_N0150_Df2.4_kf0.95_rep02,150,0.018416945808553853,-0.002799479166666674,0.002799479166666674,True,0.004306591047893438,0.0020974513321682098,-7.626374427527338e-07,-0.02342241408529444,0.010940058357555571,0.02818975163876103,0.006666666666666654,0.006666666666666654,-0.013705401114207483,4.364563758389263,0.1466666666666665,0.16000000000000014,-0.008168349209313475,-1.3013935340022282
independent_interpolation_dp1_N0150_Df2.4_kf0.95_rep04,independent_interpolation_dp2_N0150_Df2.4_kf0.95_rep04,150,0.005620164282141559,-0.00155273437499992,0.00155273437499992,False,-0.00040037261335079677,0.0014907776481196677,-1.2552663850584622e-06,0.045672347238604694,-0.18527290493377863,0.016987984856227684,-0.06000000000000005,-0.06666666666666671,-0.06192271585552611,-0.9025503355704689,0.1733333333333329,-0.30666666666666664,-0.011068319629402579,2.738694638694639
independent_interpolation_dp1_N0150_Df2_kf1.2_rep02,independent_interpolation_dp2_N0150_Df2_kf1.2_rep03,150,0.13401426542235811,-0.01667317708333338,0.01667317708333338,True,0.007548705857825411,-0.006669964958563757,-9.676985330830945e-07,0.09849546878013227,-0.09059839097817923,-0.0680141178051315,0.026666666666666672,-0.013333333333333308,0.0831352666476538,-1.6610290827740464,0.4666666666666668,0.3733333333333331,0.011886013486134217,2.125526290118037
independent_interpolation_dp1_N0150_Df2_kf1.2_rep04,independent_interpolation_dp1_N0150_Df2_kf1.2_rep05,150,0.09636332565182133,-0.0073372395833333215,0.0073372395833333215,True,0.013347913983625226,0.0031683814521688003,1.64927291379513e-06,0.008253308152408767,-0.05760834163268183,0.04321896850318732,0.03999999999999998,-0.013333333333333308,0.11024087142693795,-0.06416107382550251,0.20000000000000018,0.5200000000000005,-0.05333700532116137,-0.6859421734795603
independent_interpolation_dp1_N0350_Df2.4_kf0.95_rep03,independent_interpolation_dp2_N0350_Df2.4_kf0.95_rep05,350,0.024893451185784184,-0.009372209821428557,0.009372209821428557,True,0.006133178627934832,-0.0019846510174760246,-6.146466917655857e-07,0.05309772127767598,-0.031045086252056486,-0.10674363838747791,0.02857142857142858,0.03999999999999998,0.006071910926632174,-1.6014899713467052,-0.05714285714285694,0.25714285714285623,-0.016205315226010097,2.199650996486646
independent_interpolation_dp1_N0350_Df2.4_kf0.95_rep04,independent_interpolation_dp1_N0350_Df2.4_kf0.95_rep05,350,0.009192642558265247,0.003397042410714257,0.003397042410714257,True,-0.0047930656594386,3.606212411610965e-05,2.634944284984897e-07,-0.015162296817816667,-0.033104629989592294,0.05877210465887467,0.03428571428571431,0.01428571428571429,0.06577767054341399,0.403929594760541,-0.1028571428571432,0.005714285714285339,0.02465716575407656,0.20383723381825902
independent_interpolation_dp1_N0350_Df2_kf1.2_rep01,independent_interpolation_dp2_N0350_Df2_kf1.2_rep03,350,0.026481093052645364,-0.0057561383928571574,0.0057561383928571574,True,-0.007349387075592739,-0.0013965238125989154,-6.317485605755735e-07,0.01509796402493191,-0.16386523569238387,0.09075537049938312,-0.005714285714285727,0.005714285714285672,-0.012555842448256915,3.0174375767498987,0.011428571428571566,0.08000000000000007,-0.0023475999887773713,1.635895870579514
independent_interpolation_dp1_N0350_Df2_kf1.2_rep02,independent_interpolation_dp2_N0350_Df2_kf1.2_rep05,350,0.019038608152459502,0.012713448660714333,0.012713448660714333,True,0.003866286696047716,0.0022855493016817885,-1.2498124002391364e-06,-0.10776863642851575,0.17557224185829895,0.0012854715029556874,0.0,0.0028571428571428914,-0.003283622168376188,7.4123782234957005,-0.08571428571428541,-0.37714285714285634,0.014200264272535401,-1.4414678917141979
independent_interpolation_dp1_N0350_Df2_kf1.2_rep05,independent_interpolation_dp2_N0350_Df2_kf1.2_rep02,350,0.04910696072515573,-0.002384207589285814,0.002384207589285814,True,0.01094987548034343,-0.0006773629783639601,1.4561019678893672e-06,0.06642724042590498,-0.08052378040846928,0.0030763727493330895,0.04857142857142854,0.002857142857142836,0.11339495439280622,-5.731494064674585,0.16571428571428592,0.3542857142857141,-0.010551821480235979,2.637618237459339
independent_interpolation_dp2_N0075_Df2.4_kf0.95_rep01,independent_interpolation_dp2_N0075_Df2.4_kf0.95_rep02,75,0.10312178096838578,-0.006699218750000013,0.006699218750000013,False,0.015417829794702076,0.0017930968447938955,-3.8149352588057184e-07,0.0317793273627438,-0.09402369657227705,-0.02378800082034488,0.0,0.05333333333333329,-0.057787396444508476,-1.5726126126126125,-0.2666666666666666,-0.18666666666666565,-0.02093355198840796,0.32713963963964066
independent_interpolation_dp2_N0075_Df2_kf1.2_rep02,independent_interpolation_dp2_N0075_Df2_kf1.2_rep03,75,0.07288277893944275,0.011302083333333268,0.011302083333333268,False,0.0074938663291117535,0.00449086031472834,4.253520652364173e-06,0.00106971583301807,-0.0550645931597904,0.013315724000376242,0.0,0.026666666666666672,-0.028441525567677872,0.3863063063063059,-0.5066666666666668,-0.8266666666666662,0.03267884668621801,-0.8479729729729728
independent_interpolation_dp2_N0150_Df2.4_kf0.95_rep01,independent_interpolation_dp2_N0150_Df2.4_kf0.95_rep02,150,0.12092570401157002,0.00047200520833334814,0.00047200520833334814,False,0.013132139753145644,0.004558265732188538,2.6443720870794607e-06,0.03788279292010388,-0.11629640419730702,-0.026815590926970306,0.006666666666666654,0.006666666666666654,0.006926142844027372,-2.285011185682327,-0.09333333333333282,0.040000000000000924,0.01636327910273544,2.4468259724395933
independent_interpolation_dp2_N0150_Df2_kf1.2_rep02,independent_interpolation_dp2_N0150_Df2_kf1.2_rep05,150,0.005322180718221309,-0.007167968750000031,0.007167968750000031,True,0.002284999655691733,0.0011373111003796232,-2.3234692425599945e-06,-0.049346236131762145,0.12557450149719446,-0.03437224447562412,-0.026666666666666672,0.0,-0.06799477373368268,3.1923042505592854,0.1333333333333333,0.2666666666666666,0.036971850088885705,2.4663244021387856
independent_interpolation_dp2_N0350_Df2.4_kf0.95_rep01,independent_interpolation_dp2_N0350_Df2.4_kf0.95_rep04,350,0.05171160921853843,-0.0037444196428570997,0.0037444196428570997,True,-0.010175478647894032,0.0020293312132857455,-5.492436963017155e-07,-0.0011454709331558677,-0.06561729533208893,0.04570626008392131,-0.011428571428571399,-0.005714285714285672,-0.029699755089669266,0.426655751125665,-0.06285714285714228,-0.0685714285714294,-0.014854113230881316,-0.22169044044044028
