case,method,family,detector_radius_over_r,sample,replicate,seed,diameter_um,compactness_score,structural_class,class_definition,n,contacts,connected,max_overlap_over_radius,rg_over_radius,anisotropy,mean_coordination
bpca_N0050_sample01,bpca,bpca,,1,1,9558298401583252411,1.0,0.6566894907575107,intermediate,within_method_and_N_tertile,50,49,True,4.218847493575595e-15,5.610005261985763,0.1193463730876897,1.96
bpca_N0050_sample02,bpca,bpca,,2,3,4943085609269566689,1.0,0.6507433948179537,open,within_method_and_N_tertile,50,49,True,4.6629367034256575e-15,5.661266065821534,0.22027970142867848,1.96
bpca_N0050_sample03,bpca,bpca,,3,5,12403506205588564988,1.0,0.6780791263897028,intermediate,within_method_and_N_tertile,50,49,True,2.886579864025407e-15,5.433040710536657,0.1625582114808296,1.96
bpca_N0050_sample04,bpca,bpca,,4,5,2697948693391214982,1.0,0.656379893433396,open,within_method_and_N_tertile,50,49,True,4.6629367034256575e-15,5.612651355558641,0.14369946928916177,1.96
bpca_N0050_sample05,bpca,bpca,,5,2,925393419230074340,1.0,0.718720214815115,compact,within_method_and_N_tertile,50,49,True,3.774758283725532e-15,5.125821456946322,0.11604149029305388,1.96
bpca_N0050_sample06,bpca,bpca,,6,2,3409205106472152392,1.0,0.6482828709864996,open,within_method_and_N_tertile,50,49,True,3.3306690738754696e-15,5.682753105961835,0.23775257440325426,1.96
bpca_N0050_sample07,bpca,bpca,,7,1,11507673083602675798,1.0,0.6116452134006259,open,within_method_and_N_tertile,50,49,True,4.884981308350689e-15,6.023151032537151,0.43050089010916726,1.96
bpca_N0050_sample08,bpca,bpca,,8,4,10007982639018954734,1.0,0.7299290868580312,compact,within_method_and_N_tertile,50,49,True,1.7763568394002505e-15,5.047108773947131,0.10390183095211036,1.96
bpca_N0050_sample09,bpca,bpca,,9,4,7509762560714238523,1.0,0.6521249806509978,open,within_method_and_N_tertile,50,49,True,4.884981308350689e-15,5.649272160932591,0.07038233776388458,1.96
bpca_N0050_sample10,bpca,bpca,,10,3,15720575427948543557,1.0,0.6702944266325788,intermediate,within_method_and_N_tertile,50,49,True,5.10702591327572e-15,5.496139237123308,0.11110055242771633,1.96
bpca_N0050_sample11,bpca,bpca,,11,5,6789180929662519533,1.0,0.7300034076368815,compact,within_method_and_N_tertile,50,49,True,1.7763568394002505e-15,5.046594933804608,0.03432183554708068,1.96
bpca_N0050_sample12,bpca,bpca,,12,3,4633890339611658363,1.0,0.7232398888024998,compact,within_method_and_N_tertile,50,49,True,2.6645352591003757e-15,5.093789150291752,0.019946655238440192,1.96
bpca_N0050_sample13,bpca,bpca,,13,2,6059775306620944006,1.0,0.6618889427647768,intermediate,within_method_and_N_tertile,50,49,True,3.552713678800501e-15,5.565936006200399,0.21398965044421958,1.96
bpca_N0050_sample14,bpca,bpca,,14,1,6540829691476686275,1.0,0.7180028415881161,compact,within_method_and_N_tertile,50,49,True,1.7763568394002505e-15,5.130942783585443,0.11749614554002552,1.96
bpca_N0050_sample15,bpca,bpca,,15,4,14386802836061613260,1.0,0.6726933844435437,intermediate,within_method_and_N_tertile,50,49,True,4.440892098500626e-15,5.476538916296674,0.19862488016683333,1.96
bpca_N0100_sample01,bpca,bpca,,1,1,9496034513362086467,1.0,0.6160992736528408,open,within_method_and_N_tertile,100,99,True,1.1324274851176597e-14,7.533832666435211,0.06410905819424162,1.98
bpca_N0100_sample02,bpca,bpca,,2,2,16353763719340358777,1.0,0.6298327020580333,open,within_method_and_N_tertile,100,99,True,7.549516567451064e-15,7.369558326276139,0.048214530470549355,1.98
bpca_N0100_sample03,bpca,bpca,,3,5,3522244772523528097,1.0,0.7231132825674998,compact,within_method_and_N_tertile,100,99,True,7.105427357601002e-15,6.418895829339857,0.08037305527627026,1.98
bpca_N0100_sample04,bpca,bpca,,4,5,6385343793162052900,1.0,0.6983202297208588,intermediate,within_method_and_N_tertile,100,99,True,8.43769498715119e-15,6.646791308721174,0.03111042762224825,1.98
bpca_N0100_sample05,bpca,bpca,,5,1,7799759306426964339,1.0,0.70579223079215,compact,within_method_and_N_tertile,100,99,True,8.43769498715119e-15,6.576423813001263,0.06017095077662482,1.98
bpca_N0100_sample06,bpca,bpca,,6,1,276426993135855368,1.0,0.6773826024166565,intermediate,within_method_and_N_tertile,100,99,True,6.8833827526759706e-15,6.852240989144489,0.10512233349709088,1.98
bpca_N0100_sample07,bpca,bpca,,7,3,8760471135292304789,1.0,0.6935792915066907,intermediate,within_method_and_N_tertile,100,99,True,5.773159728050814e-15,6.692225229980072,0.037561271868222335,1.98
bpca_N0100_sample08,bpca,bpca,,8,2,7886744990160974120,1.0,0.7151989733854085,compact,within_method_and_N_tertile,100,99,True,5.329070518200751e-15,6.489926588738971,0.07933465028322162,1.98
bpca_N0100_sample09,bpca,bpca,,9,4,4184061994233567954,1.0,0.7183797698407964,compact,within_method_and_N_tertile,100,99,True,5.551115123125783e-15,6.461190902746917,0.1281149859752968,1.98
bpca_N0100_sample10,bpca,bpca,,10,4,11067615559966281809,1.0,0.6644881216623113,open,within_method_and_N_tertile,100,99,True,7.771561172376096e-15,6.98520964077008,0.17026985445997744,1.98
bpca_N0100_sample11,bpca,bpca,,11,2,18150264009132212702,1.0,0.6780361041586684,intermediate,within_method_and_N_tertile,100,99,True,5.773159728050814e-15,6.845636692713036,0.10408413070216493,1.98
bpca_N0100_sample12,bpca,bpca,,12,4,12071446992665648723,1.0,0.6941353978656694,intermediate,within_method_and_N_tertile,100,99,True,6.8833827526759706e-15,6.686863755810116,0.09314859713196721,1.98
bpca_N0100_sample13,bpca,bpca,,13,3,15326359602884640536,1.0,0.7156467851191682,compact,within_method_and_N_tertile,100,99,True,8.215650382226158e-15,6.4858655556454,0.05794804889926519,1.98
bpca_N0100_sample14,bpca,bpca,,14,5,15691598289756965479,1.0,0.6672632883069379,open,within_method_and_N_tertile,100,99,True,1.2434497875801753e-14,6.956157958862065,0.06793556450722782,1.98
bpca_N0100_sample15,bpca,bpca,,15,3,14905997743248562968,1.0,0.6579343522041666,open,within_method_and_N_tertile,100,99,True,7.993605777301127e-15,7.0547902204267725,0.09192272386986367,1.98
bpca_N0200_sample01,bpca,bpca,,1,2,6456112570397277303,1.0,0.6744095742996397,compact,within_method_and_N_tertile,200,199,True,2.4424906541753444e-14,8.671341124566322,0.053583338576263295,1.99
bpca_N0200_sample02,bpca,bpca,,2,1,8307015363002769034,1.0,0.6443917974540029,intermediate,within_method_and_N_tertile,200,199,True,1.1102230246251565e-14,9.07527920052888,0.025845109822226098,1.99
bpca_N0200_sample03,bpca,bpca,,3,2,2624508686710704365,1.0,0.6292231666014094,open,within_method_and_N_tertile,200,199,True,1.532107773982716e-14,9.294056205864802,0.05211695356141233,1.99
bpca_N0200_sample04,bpca,bpca,,4,5,13238308308284586641,1.0,0.6658390932307325,intermediate,within_method_and_N_tertile,200,199,True,8.881784197001252e-15,8.782956026283092,0.07237182665593156,1.99
bpca_N0200_sample05,bpca,bpca,,5,5,2942659067345840260,1.0,0.7299175799679246,compact,within_method_and_N_tertile,200,199,True,2.3092638912203256e-14,8.0119120801046,0.029043251428129024,1.99
bpca_N0200_sample06,bpca,bpca,,6,4,11311929788604353232,1.0,0.6620771553558998,intermediate,within_method_and_N_tertile,200,199,True,1.4432899320127035e-14,8.832860987753183,0.13323914145306315,1.99
bpca_N0200_sample07,bpca,bpca,,7,4,12729692832654014564,1.0,0.6377168645881087,open,within_method_and_N_tertile,200,199,True,1.7541523789077473e-14,9.170269442698345,0.09125431906936576,1.99
bpca_N0200_sample08,bpca,bpca,,8,1,13070822165716939036,1.0,0.6735653188508467,compact,within_method_and_N_tertile,200,199,True,1.9539925233402755e-14,8.682209895252507,0.16764730778188353,1.99
bpca_N0200_sample09,bpca,bpca,,9,3,1364107542111942191,1.0,0.6489844820283719,intermediate,within_method_and_N_tertile,200,199,True,9.325873406851315e-15,9.01105594720533,0.06530761704185484,1.99
bpca_N0200_sample10,bpca,bpca,,10,2,13190744162855428202,1.0,0.644511242035046,intermediate,within_method_and_N_tertile,200,199,True,1.7541523789077473e-14,9.073597316876187,0.09763149920556846,1.99
bpca_N0200_sample11,bpca,bpca,,11,3,8646238126894055683,1.0,0.6323878214391184,open,within_method_and_N_tertile,200,199,True,1.3766765505351941e-14,9.247546012378,0.050220045988528916,1.99
bpca_N0200_sample12,bpca,bpca,,12,1,18340036373569354847,1.0,0.62828255028068,open,within_method_and_N_tertile,200,199,True,1.9095836023552692e-14,9.307970552123674,0.08399640820542031,1.99
bpca_N0200_sample13,bpca,bpca,,13,3,8743182622768416672,1.0,0.6832244952853649,compact,within_method_and_N_tertile,200,199,True,1.6209256159527285e-14,8.559464007482871,0.09333409738315201,1.99
bpca_N0200_sample14,bpca,bpca,,14,4,15984055840867779966,1.0,0.716278356289465,compact,within_method_and_N_tertile,200,199,True,1.9761969838327786e-14,8.164473245736888,0.042858287842822196,1.99
bpca_N0200_sample15,bpca,bpca,,15,5,12420405791957128180,1.0,0.6399764831034208,open,within_method_and_N_tertile,200,199,True,1.3766765505351941e-14,9.13789120510649,0.03354573128388483,1.99
bpca_N0500_sample01,bpca,bpca,,1,5,8473811445223584417,1.0,0.6625409422446742,intermediate,within_method_and_N_tertile,500,499,True,4.3520742565306136e-14,11.979644960431573,0.0688463611330844,1.996
bpca_N0500_sample02,bpca,bpca,,2,2,13766456558691356562,1.0,0.638905474671989,open,within_method_and_N_tertile,500,499,True,4.75175454539567e-14,12.422816166845053,0.13833997666872255,1.996
bpca_N0500_sample03,bpca,bpca,,3,4,15063023327792723137,1.0,0.6922266737866151,compact,within_method_and_N_tertile,500,499,True,3.863576125695545e-14,11.465904970728776,0.022153812056974642,1.996
bpca_N0500_sample04,bpca,bpca,,4,3,13773629738366335443,1.0,0.688027656743166,compact,within_method_and_N_tertile,500,499,True,2.531308496145357e-14,11.53588112636554,0.022522791540404263,1.996
bpca_N0500_sample05,bpca,bpca,,5,1,15589223474378879197,1.0,0.653157288980311,intermediate,within_method_and_N_tertile,500,499,True,2.9753977059954195e-14,12.151751796618552,0.038475177074546285,1.996
bpca_N0500_sample06,bpca,bpca,,6,1,6769905854514361348,1.0,0.6382522234415607,open,within_method_and_N_tertile,500,499,True,3.064215547965432e-14,12.43553092074378,0.12078112353426129,1.996
bpca_N0500_sample07,bpca,bpca,,7,4,4087520563453597537,1.0,0.6437714135075943,open,within_method_and_N_tertile,500,499,True,4.1522341120980855e-14,12.328918453517769,0.1319567364562435,1.996
bpca_N0500_sample08,bpca,bpca,,8,1,1093438601336950962,1.0,0.6626387114845984,compact,within_method_and_N_tertile,500,499,True,2.5757174171303632e-14,11.977877419896974,0.07404505479435097,1.996
bpca_N0500_sample09,bpca,bpca,,9,2,5607713691132385431,1.0,0.6550423405635782,intermediate,within_method_and_N_tertile,500,499,True,2.842170943040401e-14,12.116782028184991,0.09344334563329404,1.996
bpca_N0500_sample10,bpca,bpca,,10,2,1960839551139670691,1.0,0.6765797429826444,compact,within_method_and_N_tertile,500,499,True,3.6415315207705135e-14,11.731071380960035,0.04270813891142733,1.996
bpca_N0500_sample11,bpca,bpca,,11,5,5541635016695429166,1.0,0.6480364989784958,open,within_method_and_N_tertile,500,499,True,3.6637359812630166e-14,12.247775044078768,0.05049806523105316,1.996
bpca_N0500_sample12,bpca,bpca,,12,3,12740455527324838576,1.0,0.6618091408849324,intermediate,within_method_and_N_tertile,500,499,True,3.597122599785507e-14,11.992891559684562,0.036916008379444865,1.996
bpca_N0500_sample13,bpca,bpca,,13,3,16695708164855137541,1.0,0.6437151177210158,open,within_method_and_N_tertile,500,499,True,2.5091040356528538e-14,12.32999667297059,0.1258128372109132,1.996
bpca_N0500_sample14,bpca,bpca,,14,5,13413632548463512750,1.0,0.7007542353570964,compact,within_method_and_N_tertile,500,499,True,3.1308289294429414e-14,11.326375010486222,0.04385047488144467,1.996
bpca_N0500_sample15,bpca,bpca,,15,4,3977736293953443745,1.0,0.6623572187993451,intermediate,within_method_and_N_tertile,500,499,True,4.285460875053104e-14,11.982967852646652,0.03285724415328106,1.996
bcca_N0050_sample01,bcca,bcca,,1,5,12786204521769735939,1.0,0.5119201044239758,intermediate,within_method_and_N_tertile,50,49,True,1.5543122344752192e-15,7.19649700569143,0.20064554841776994,1.96
bcca_N0050_sample02,bcca,bcca,,2,3,14708703733349402113,1.0,0.44455030231505976,open,within_method_and_N_tertile,50,49,True,2.220446049250313e-15,8.287097049434589,0.3692614213330855,1.96
bcca_N0050_sample03,bcca,bcca,,3,2,2427037528875857902,1.0,0.48007041972841646,intermediate,within_method_and_N_tertile,50,49,True,2.220446049250313e-15,7.673939795591868,0.5407303003882102,1.96
bcca_N0050_sample04,bcca,bcca,,4,4,18085485948523485963,1.0,0.49297496140219776,intermediate,within_method_and_N_tertile,50,49,True,2.220446049250313e-15,7.4730600681253225,0.30255639317406635,1.96
bcca_N0050_sample05,bcca,bcca,,5,1,1098975152813211265,1.0,0.3995556032340926,open,within_method_and_N_tertile,50,49,True,3.9968028886505635e-15,9.220322450294802,0.4721818625211477,1.96
bcca_N0050_sample06,bcca,bcca,,6,3,16926902278041298095,1.0,0.5513496762547945,compact,within_method_and_N_tertile,50,49,True,2.6645352591003757e-15,6.681842136310406,0.5060002641629064,1.96
bcca_N0050_sample07,bcca,bcca,,7,5,17456241742211079033,1.0,0.6241557330080215,compact,within_method_and_N_tertile,50,49,True,4.218847493575595e-15,5.902423552028865,0.09569158079823903,1.96
bcca_N0050_sample08,bcca,bcca,,8,5,14257788026929848047,1.0,0.4518141788560642,open,within_method_and_N_tertile,50,49,True,2.220446049250313e-15,8.153864289889892,0.3975088490571156,1.96
bcca_N0050_sample09,bcca,bcca,,9,3,13276698134066950874,1.0,0.4865186951557477,intermediate,within_method_and_N_tertile,50,49,True,2.6645352591003757e-15,7.572230081438143,0.35727927105085666,1.96
bcca_N0050_sample10,bcca,bcca,,10,4,8750184712323424646,1.0,0.5645840759923694,compact,within_method_and_N_tertile,50,49,True,3.3306690738754696e-15,6.525213259274032,0.2846606456373876,1.96
bcca_N0050_sample11,bcca,bcca,,11,1,7783033415312659352,1.0,0.5273826328903531,compact,within_method_and_N_tertile,50,49,True,2.220446049250313e-15,6.985500221063071,0.28384528864823866,1.96
bcca_N0050_sample12,bcca,bcca,,12,2,3236861772216111375,1.0,0.4288017969114532,open,within_method_and_N_tertile,50,49,True,1.7763568394002505e-15,8.591455365102242,0.4215296991137685,1.96
bcca_N0050_sample13,bcca,bcca,,13,2,15680259710685607705,1.0,0.5378793196722728,compact,within_method_and_N_tertile,50,49,True,1.9984014443252818e-15,6.849178549725705,0.13353267307802963,1.96
bcca_N0050_sample14,bcca,bcca,,14,1,9045378181394727293,1.0,0.47336546778699756,intermediate,within_method_and_N_tertile,50,49,True,4.6629367034256575e-15,7.782636777167926,0.2600855145319011,1.96
bcca_N0050_sample15,bcca,bcca,,15,4,14422301737527107678,1.0,0.45059153265604157,open,within_method_and_N_tertile,50,49,True,2.4424906541753444e-15,8.175989186757725,0.2979327576005253,1.96
bcca_N0100_sample01,bcca,bcca,,1,1,15423096349622082711,1.0,0.33691112560353936,open,within_method_and_N_tertile,100,99,True,4.218847493575595e-15,13.776893907251893,0.49354578309625885,1.98
bcca_N0100_sample02,bcca,bcca,,2,2,5795084809737781797,1.0,0.35431683795896024,open,within_method_and_N_tertile,100,99,True,3.774758283725532e-15,13.100107972148937,0.4918437806875031,1.98
bcca_N0100_sample03,bcca,bcca,,3,5,11639812738940987506,1.0,0.479862853333825,intermediate,within_method_and_N_tertile,100,99,True,3.774758283725532e-15,9.672740453580756,0.22965463977394085,1.98
bcca_N0100_sample04,bcca,bcca,,4,1,4503117496200982120,1.0,0.4871980741327833,compact,within_method_and_N_tertile,100,99,True,3.774758283725532e-15,9.527108336532006,0.2668685356078577,1.98
bcca_N0100_sample05,bcca,bcca,,5,3,3141279637551766558,1.0,0.4442108557447941,intermediate,within_method_and_N_tertile,100,99,True,3.1086244689504383e-15,10.44906663937867,0.3665557880771402,1.98
bcca_N0100_sample06,bcca,bcca,,6,4,2778749597487119795,1.0,0.4503812843566071,intermediate,within_method_and_N_tertile,100,99,True,3.3306690738754696e-15,10.305909669944494,0.42528297885395183,1.98
bcca_N0100_sample07,bcca,bcca,,7,2,1695718979706236794,1.0,0.42177533392677796,intermediate,within_method_and_N_tertile,100,99,True,2.886579864025407e-15,11.004884497154066,0.4412184206274442,1.98
bcca_N0100_sample08,bcca,bcca,,8,2,3002906709690136031,1.0,0.4896134255067233,compact,within_method_and_N_tertile,100,99,True,5.551115123125783e-15,9.480109392035127,0.1894956311162963,1.98
bcca_N0100_sample09,bcca,bcca,,9,3,16396413889369842684,1.0,0.4904747244791518,compact,within_method_and_N_tertile,100,99,True,1.9984014443252818e-15,9.463461829846187,0.08239790221050713,1.98
bcca_N0100_sample10,bcca,bcca,,10,3,9128569081497246254,1.0,0.38481081248334453,open,within_method_and_N_tertile,100,99,True,4.440892098500626e-15,12.062002113866477,0.6479649364256073,1.98
bcca_N0100_sample11,bcca,bcca,,11,4,9874727173257776582,1.0,0.39268254364936384,open,within_method_and_N_tertile,100,99,True,4.884981308350689e-15,11.820206700497923,0.5676485877002748,1.98
bcca_N0100_sample12,bcca,bcca,,12,5,9424455842996966021,1.0,0.3969998089744844,open,within_method_and_N_tertile,100,99,True,3.3306690738754696e-15,11.691665156219504,0.4441472324228841,1.98
bcca_N0100_sample13,bcca,bcca,,13,5,12710212808087318279,1.0,0.5612710177762386,compact,within_method_and_N_tertile,100,99,True,3.3306690738754696e-15,8.26978177494858,0.11143066136216984,1.98
bcca_N0100_sample14,bcca,bcca,,14,1,7630682507830887473,1.0,0.4090796113861398,intermediate,within_method_and_N_tertile,100,99,True,3.774758283725532e-15,11.346419387378058,0.4532387989111093,1.98
bcca_N0100_sample15,bcca,bcca,,15,4,15967419770311777686,1.0,0.5384820119561494,compact,within_method_and_N_tertile,100,99,True,3.1086244689504383e-15,8.61976580564173,0.22832320862006072,1.98
bcca_N0200_sample01,bcca,bcca,,1,1,12520795145819745007,1.0,0.30791709925645544,open,within_method_and_N_tertile,200,199,True,5.10702591327572e-15,18.992240088476112,0.5259368866058103,1.99
bcca_N0200_sample02,bcca,bcca,,2,4,9258848980775752825,1.0,0.4196350874064346,compact,within_method_and_N_tertile,200,199,True,6.8833827526759706e-15,13.936002140740099,0.11356959036717995,1.99
bcca_N0200_sample03,bcca,bcca,,3,4,15499538568121304904,1.0,0.3580278799947999,open,within_method_and_N_tertile,200,199,True,3.774758283725532e-15,16.334022580896967,0.4928461579256934,1.99
bcca_N0200_sample04,bcca,bcca,,4,4,54589201264386559,1.0,0.39383937660218216,intermediate,within_method_and_N_tertile,200,199,True,6.439293542825908e-15,14.848783092435275,0.4627029794326466,1.99
bcca_N0200_sample05,bcca,bcca,,5,2,15679394965785818912,1.0,0.38797538183953195,intermediate,within_method_and_N_tertile,200,199,True,7.549516567451064e-15,15.073212760815068,0.29217193076564296,1.99
bcca_N0200_sample06,bcca,bcca,,6,5,12383086878431029909,1.0,0.40374851139917783,intermediate,within_method_and_N_tertile,200,199,True,6.217248937900877e-15,14.484351796516963,0.25638904852562505,1.99
bcca_N0200_sample07,bcca,bcca,,7,1,16901624241561708923,1.0,0.4041478643388391,compact,within_method_and_N_tertile,200,199,True,3.552713678800501e-15,14.470039291170709,0.43519237048867443,1.99
bcca_N0200_sample08,bcca,bcca,,8,2,12247307205267200278,1.0,0.340352407743212,open,within_method_and_N_tertile,200,199,True,4.6629367034256575e-15,17.18229500770254,0.5534328418879719,1.99
bcca_N0200_sample09,bcca,bcca,,9,5,17671121488115669779,1.0,0.38222903443430545,open,within_method_and_N_tertile,200,199,True,5.329070518200751e-15,15.299820132923069,0.35541524330030305,1.99
bcca_N0200_sample10,bcca,bcca,,10,1,14394013747908854852,1.0,0.3845631569413269,intermediate,within_method_and_N_tertile,200,199,True,5.995204332975845e-15,15.206957221120302,0.3289328442246243,1.99
bcca_N0200_sample11,bcca,bcca,,11,2,398984158191977089,1.0,0.4163284240281454,compact,within_method_and_N_tertile,200,199,True,7.993605777301127e-15,14.046687996566819,0.30318688649822334,1.99
bcca_N0200_sample12,bcca,bcca,,12,3,1712858588239629374,1.0,0.34782157967890054,open,within_method_and_N_tertile,200,199,True,5.551115123125783e-15,16.813319868837578,0.5610791435149904,1.99
bcca_N0200_sample13,bcca,bcca,,13,5,10793356704981937693,1.0,0.42706164439735367,compact,within_method_and_N_tertile,200,199,True,5.773159728050814e-15,13.693656532134051,0.17991084177160832,1.99
bcca_N0200_sample14,bcca,bcca,,14,3,11992341864861610019,1.0,0.39248386307398175,intermediate,within_method_and_N_tertile,200,199,True,4.884981308350689e-15,14.900066032328565,0.3849477626841662,1.99
bcca_N0200_sample15,bcca,bcca,,15,3,12285814309073990946,1.0,0.4187175418582636,compact,within_method_and_N_tertile,200,199,True,4.6629367034256575e-15,13.966540428357067,0.40112865944703835,1.99
bcca_N0500_sample01,bcca,bcca,,1,1,18347347935456113920,1.0,0.2703555539027318,open,within_method_and_N_tertile,500,499,True,9.769962616701378e-15,29.35765566960227,0.4756632928101808,1.996
bcca_N0500_sample02,bcca,bcca,,2,4,2463228964459210111,1.0,0.3025048705067889,open,within_method_and_N_tertile,500,499,True,1.0436096431476471e-14,26.237611469012272,0.30277440517882914,1.996
bcca_N0500_sample03,bcca,bcca,,3,4,16863727241141370144,1.0,0.41626665253785405,compact,within_method_and_N_tertile,500,499,True,1.0658141036401503e-14,19.067117703163188,0.025747805330185614,1.996
bcca_N0500_sample04,bcca,bcca,,4,5,16008247321475355770,1.0,0.3042972201086784,open,within_method_and_N_tertile,500,499,True,1.2434497875801753e-14,26.083068576854995,0.3302022833054912,1.996
bcca_N0500_sample05,bcca,bcca,,5,1,3231446204134266442,1.0,0.3666628919907484,compact,within_method_and_N_tertile,500,499,True,8.659739592076221e-15,21.646600823846832,0.18689619558519488,1.996
bcca_N0500_sample06,bcca,bcca,,6,3,10858674570408805500,1.0,0.33085561738702973,intermediate,within_method_and_N_tertile,500,499,True,7.771561172376096e-15,23.989332031066628,0.11916557506476466,1.996
bcca_N0500_sample07,bcca,bcca,,7,5,11194449890296204464,1.0,0.34069089247512296,intermediate,within_method_and_N_tertile,500,499,True,8.881784197001252e-15,23.29679317864522,0.3632158711581266,1.996
bcca_N0500_sample08,bcca,bcca,,8,2,9136611384456730079,1.0,0.31629483769239936,intermediate,within_method_and_N_tertile,500,499,True,1.1102230246251565e-14,25.093692068284188,0.417822682945292,1.996
bcca_N0500_sample09,bcca,bcca,,9,3,3536127388682295814,1.0,0.3918471513181031,compact,within_method_and_N_tertile,500,499,True,7.549516567451064e-15,20.25536036983386,0.15016560144009783,1.996
bcca_N0500_sample10,bcca,bcca,,10,5,13800323737186644528,1.0,0.4266969590580754,compact,within_method_and_N_tertile,500,499,True,7.105427357601002e-15,18.60103544530003,0.09683039947725991,1.996
bcca_N0500_sample11,bcca,bcca,,11,3,3161587155077086367,1.0,0.29596851806101554,open,within_method_and_N_tertile,500,499,True,9.325873406851315e-15,26.817059165072212,0.6726761014801856,1.996
bcca_N0500_sample12,bcca,bcca,,12,1,3184019938189524215,1.0,0.30567097644173974,intermediate,within_method_and_N_tertile,500,499,True,8.215650382226158e-15,25.965845211194832,0.4016636236603347,1.996
bcca_N0500_sample13,bcca,bcca,,13,2,451424421395092495,1.0,0.28561083427666806,open,within_method_and_N_tertile,500,499,True,1.2878587085651816e-14,27.789580461616897,0.3942191695667755,1.996
bcca_N0500_sample14,bcca,bcca,,14,4,4634016998768825442,1.0,0.33448150246617797,intermediate,within_method_and_N_tertile,500,499,True,9.103828801926284e-15,23.729280098661267,0.2062960693998318,1.996
bcca_N0500_sample15,bcca,bcca,,15,2,10698659517520487304,1.0,0.37406579764340747,compact,within_method_and_N_tertile,500,499,True,9.325873406851315e-15,21.218206288422152,0.09396269959925774,1.996
local_filling_N0050_sample01,local_filling,local_filling,3.0,1,2,1109830061181375662,1.0,0.43426894492786094,intermediate,within_method_and_N_tertile,50,49,True,8.881784197001252e-16,8.4832948376089,0.4261841791794575,1.96
local_filling_N0050_sample02,local_filling,local_filling,3.0,2,4,14669733616751125665,1.0,0.46407320761099363,intermediate,within_method_and_N_tertile,50,49,True,1.7763568394002505e-15,7.93847056503314,0.32412993300768056,1.96
local_filling_N0050_sample03,local_filling,local_filling,3.0,3,1,5870942713182900812,1.0,0.49328122046915013,compact,within_method_and_N_tertile,50,49,True,1.1102230246251565e-15,7.468420336652136,0.3332889415592002,1.96
local_filling_N0050_sample04,local_filling,local_filling,3.0,4,3,15500513283937814258,1.0,0.5596177593007129,compact,within_method_and_N_tertile,50,49,True,6.661338147750939e-16,6.583121134761481,0.44016737482607393,1.96
local_filling_N0050_sample05,local_filling,local_filling,3.0,5,3,8195764938393559932,1.0,0.3691962457140402,open,within_method_and_N_tertile,50,49,True,8.881784197001252e-16,9.978518312165724,0.6274667070613107,1.96
local_filling_N0050_sample06,local_filling,local_filling,6.0,6,1,3765406137433358942,1.0,0.41852040679259517,intermediate,within_method_and_N_tertile,50,49,True,8.881784197001252e-16,8.80251342311743,0.36290292734635377,1.96
local_filling_N0050_sample07,local_filling,local_filling,6.0,7,5,7909766468673119671,1.0,0.38227155620501724,open,within_method_and_N_tertile,50,49,True,1.3322676295501878e-15,9.637210613348884,0.6194181234421143,1.96
local_filling_N0050_sample08,local_filling,local_filling,6.0,8,3,3510418283866760009,1.0,0.4440921662875494,intermediate,within_method_and_N_tertile,50,49,True,1.3322676295501878e-15,8.29564621559881,0.3646783153377716,1.96
local_filling_N0050_sample09,local_filling,local_filling,6.0,9,2,15532222468758763935,1.0,0.3444141002466109,open,within_method_and_N_tertile,50,49,True,1.1102230246251565e-15,10.696517639674184,0.4956795467076255,1.96
local_filling_N0050_sample10,local_filling,local_filling,6.0,10,1,9611193372396507437,1.0,0.32393845110125347,open,within_method_and_N_tertile,50,49,True,1.5543122344752192e-15,11.372627998054076,0.5326049786204428,1.96
local_filling_N0050_sample11,local_filling,local_filling,12.0,11,4,2147143611939823804,1.0,0.7215411273504885,compact,within_method_and_N_tertile,50,49,True,8.881784197001252e-16,5.105781720535063,0.21052210368136526,1.96
local_filling_N0050_sample12,local_filling,local_filling,12.0,12,4,12192255375137771778,1.0,0.37562438323122516,open,within_method_and_N_tertile,50,49,True,1.1102230246251565e-15,9.807753870899768,0.8404257139534903,1.96
local_filling_N0050_sample13,local_filling,local_filling,12.0,13,5,11799980697426092123,1.0,0.8163277659515821,compact,within_method_and_N_tertile,50,49,True,6.661338147750939e-16,4.5129317564568705,0.08460526352099129,1.96
local_filling_N0050_sample14,local_filling,local_filling,12.0,14,2,18037656069418600196,1.0,0.49352874047254885,compact,within_method_and_N_tertile,50,49,True,1.5543122344752192e-15,7.464674691716967,0.5776263707774179,1.96
local_filling_N0050_sample15,local_filling,local_filling,12.0,15,5,10642533024135043643,1.0,0.48694262830551055,intermediate,within_method_and_N_tertile,50,49,True,1.7763568394002505e-15,7.565637683971682,0.649639675232891,1.96
local_filling_N0100_sample01,local_filling,local_filling,3.0,1,5,3243415645599332821,1.0,0.5394447001151119,compact,within_method_and_N_tertile,100,99,True,1.9984014443252818e-15,8.604383049128689,0.16997485022196823,1.98
local_filling_N0100_sample02,local_filling,local_filling,3.0,2,3,6093798739100831161,1.0,0.5128703192373018,compact,within_method_and_N_tertile,100,99,True,1.1102230246251565e-15,9.05021924551096,0.22907669975607026,1.98
local_filling_N0100_sample03,local_filling,local_filling,3.0,3,5,15619135202918420798,1.0,0.3659079579555936,intermediate,within_method_and_N_tertile,100,99,True,1.9984014443252818e-15,12.68512677217061,0.4385550914626928,1.98
local_filling_N0100_sample04,local_filling,local_filling,3.0,4,4,9426424396962021422,1.0,0.5146164455884916,compact,within_method_and_N_tertile,100,99,True,1.7763568394002505e-15,9.019511275635336,0.14516778997875324,1.98
local_filling_N0100_sample05,local_filling,local_filling,3.0,5,2,9977215194937172999,1.0,0.45717629323789205,compact,within_method_and_N_tertile,100,99,True,1.5543122344752192e-15,10.152732987835666,0.251263819044255,1.98
local_filling_N0100_sample06,local_filling,local_filling,6.0,6,2,2091536060653002174,1.0,0.3332779789251304,intermediate,within_method_and_N_tertile,100,99,True,1.7763568394002505e-15,13.927079276532378,0.3782497461734653,1.98
local_filling_N0100_sample07,local_filling,local_filling,6.0,7,5,15624308205372176474,1.0,0.31082929679610766,open,within_method_and_N_tertile,100,99,True,1.9984014443252818e-15,14.932919391628282,0.4781562610830282,1.98
local_filling_N0100_sample08,local_filling,local_filling,6.0,8,4,17909656478684492612,1.0,0.34891953104078044,intermediate,within_method_and_N_tertile,100,99,True,1.1102230246251565e-15,13.302748687548496,0.2842715127012607,1.98
local_filling_N0100_sample09,local_filling,local_filling,6.0,9,1,16413939428326827827,1.0,0.3265042722636213,intermediate,within_method_and_N_tertile,100,99,True,1.3322676295501878e-15,14.216012554546714,0.17364346858685542,1.98
local_filling_N0100_sample10,local_filling,local_filling,6.0,10,3,12084505494274325933,1.0,0.34099855012017577,intermediate,within_method_and_N_tertile,100,99,True,1.7763568394002505e-15,13.611755334375982,0.40156906716908625,1.98
local_filling_N0100_sample11,local_filling,local_filling,12.0,11,1,197972141693162997,1.0,0.23843705348650845,open,within_method_and_N_tertile,100,99,True,2.886579864025407e-15,19.4667261893312,0.8398873969312257,1.98
local_filling_N0100_sample12,local_filling,local_filling,12.0,12,1,61737579966183744,1.0,0.38392848871913293,compact,within_method_and_N_tertile,100,99,True,2.4424906541753444e-15,12.089722357145481,0.7861214963815071,1.98
local_filling_N0100_sample13,local_filling,local_filling,12.0,13,3,1993965145722580156,1.0,0.2540303254345711,open,within_method_and_N_tertile,100,99,True,2.886579864025407e-15,18.271790289889157,0.5360433386796979,1.98
local_filling_N0100_sample14,local_filling,local_filling,12.0,14,2,8051027135650683950,1.0,0.24581448971900136,open,within_method_and_N_tertile,100,99,True,2.220446049250313e-15,18.882486703362083,0.7528544550659273,1.98
local_filling_N0100_sample15,local_filling,local_filling,12.0,15,4,11357121960271910250,1.0,0.272182104670918,open,within_method_and_N_tertile,100,99,True,2.6645352591003757e-15,17.05324763810132,0.7954012520954783,1.98
local_filling_N0200_sample01,local_filling,local_filling,3.0,1,3,5362906082083097782,1.0,0.45386618695523195,compact,within_method_and_N_tertile,200,199,True,3.1086244689504383e-15,12.8849331466117,0.13137478468861352,1.99
local_filling_N0200_sample02,local_filling,local_filling,3.0,2,5,5048121850684876153,1.0,0.567503169612195,compact,within_method_and_N_tertile,200,199,True,1.5543122344752192e-15,10.304850773647667,0.1666524307275431,1.99
local_filling_N0200_sample03,local_filling,local_filling,3.0,3,5,7623986742172086394,1.0,0.33197875850209424,intermediate,within_method_and_N_tertile,200,199,True,2.886579864025407e-15,17.61569174730449,0.6261582514836792,1.99
local_filling_N0200_sample04,local_filling,local_filling,3.0,4,2,13660626213661117424,1.0,0.42834343782755774,compact,within_method_and_N_tertile,200,199,True,1.7763568394002505e-15,13.652679042044833,0.36427294050802117,1.99
local_filling_N0200_sample05,local_filling,local_filling,3.0,5,4,13122637478734059132,1.0,0.518744600806721,compact,within_method_and_N_tertile,200,199,True,1.5543122344752192e-15,11.273438735229652,0.11356887727963416,1.99
local_filling_N0200_sample06,local_filling,local_filling,6.0,6,1,10310281723602546094,1.0,0.33454925392638724,compact,within_method_and_N_tertile,200,199,True,2.886579864025407e-15,17.48034230473133,0.1717989042867758,1.99
local_filling_N0200_sample07,local_filling,local_filling,6.0,7,4,10448724798979946244,1.0,0.3286316394072219,intermediate,within_method_and_N_tertile,200,199,True,1.7763568394002505e-15,17.79510788119574,0.2460557200512844,1.99
local_filling_N0200_sample08,local_filling,local_filling,6.0,8,3,2502833018998937169,1.0,0.2751193413998943,intermediate,within_method_and_N_tertile,200,199,True,3.3306690738754696e-15,21.256358955604775,0.19768229514025693,1.99
local_filling_N0200_sample09,local_filling,local_filling,6.0,9,1,16936253109642759627,1.0,0.20419936967755242,intermediate,within_method_and_N_tertile,200,199,True,5.551115123125783e-15,28.6388517538534,0.7584949365013647,1.99
local_filling_N0200_sample10,local_filling,local_filling,6.0,10,2,16260082000809275054,1.0,0.24782396111624336,intermediate,within_method_and_N_tertile,200,199,True,3.774758283725532e-15,23.597538551498957,0.45340802329190544,1.99
local_filling_N0200_sample11,local_filling,local_filling,12.0,11,4,11082868187381643305,1.0,0.16719234374823297,open,within_method_and_N_tertile,200,199,True,6.439293542825908e-15,34.977890406465086,0.8597609762202543,1.99
local_filling_N0200_sample12,local_filling,local_filling,12.0,12,2,4618748269031255124,1.0,0.15121970110986563,open,within_method_and_N_tertile,200,199,True,8.43769498715119e-15,38.672444354171546,0.7855997767590717,1.99
local_filling_N0200_sample13,local_filling,local_filling,12.0,13,1,2007651887303174389,1.0,0.146725016316743,open,within_method_and_N_tertile,200,199,True,7.327471962526033e-15,39.857112462685095,0.8013879412039286,1.99
local_filling_N0200_sample14,local_filling,local_filling,12.0,14,5,4782127447338193946,1.0,0.17549314419778422,open,within_method_and_N_tertile,200,199,True,7.105427357601002e-15,33.32344122705375,0.5318632219338071,1.99
local_filling_N0200_sample15,local_filling,local_filling,12.0,15,3,5424507393621763240,1.0,0.16046567348944116,open,within_method_and_N_tertile,200,199,True,5.329070518200751e-15,36.44415250474451,0.8464467586643065,1.99
local_filling_N0500_sample01,local_filling,local_filling,3.0,1,4,1566292154080046283,1.0,0.4453755289250471,compact,within_method_and_N_tertile,500,499,True,4.218847493575595e-15,17.820928058166228,0.1328167766358732,1.996
local_filling_N0500_sample02,local_filling,local_filling,3.0,2,3,4434237316121269151,1.0,0.44392664760467176,compact,within_method_and_N_tertile,500,499,True,2.886579864025407e-15,17.879091743348344,0.14103307049853941,1.996
local_filling_N0500_sample03,local_filling,local_filling,3.0,3,1,439984940015880871,1.0,0.41954145814019134,compact,within_method_and_N_tertile,500,499,True,5.551115123125783e-15,18.918285918691776,0.21728608877185485,1.996
local_filling_N0500_sample04,local_filling,local_filling,3.0,4,2,12849215251936482151,1.0,0.427093333231585,compact,within_method_and_N_tertile,500,499,True,3.552713678800501e-15,18.583772309874185,0.24832021838411134,1.996
local_filling_N0500_sample05,local_filling,local_filling,3.0,5,5,10090205309780940242,1.0,0.4537351783123811,compact,within_method_and_N_tertile,500,499,True,5.551115123125783e-15,17.49259400463907,0.15849860187280718,1.996
local_filling_N0500_sample06,local_filling,local_filling,6.0,6,5,16594336996532370046,1.0,0.2880448201781714,intermediate,within_method_and_N_tertile,500,499,True,5.10702591327572e-15,27.554757814882862,0.1889355914989851,1.996
local_filling_N0500_sample07,local_filling,local_filling,6.0,7,1,13537457978460145957,1.0,0.19549479002173514,intermediate,within_method_and_N_tertile,500,499,True,5.995204332975845e-15,40.59957433627034,0.5409118253644152,1.996
local_filling_N0500_sample08,local_filling,local_filling,6.0,8,4,16776040518112549594,1.0,0.24773392410083242,intermediate,within_method_and_N_tertile,500,499,True,9.547918011776346e-15,32.03842706907789,0.2751133892179617,1.996
local_filling_N0500_sample09,local_filling,local_filling,6.0,9,3,8916742568680288100,1.0,0.22584866961018335,intermediate,within_method_and_N_tertile,500,499,True,6.8833827526759706e-15,35.143024191996936,0.40081316897513464,1.996
local_filling_N0500_sample10,local_filling,local_filling,6.0,10,2,4620126443166493051,1.0,0.19827711768279513,intermediate,within_method_and_N_tertile,500,499,True,7.771561172376096e-15,40.029859988880126,0.598813125855973,1.996
local_filling_N0500_sample11,local_filling,local_filling,12.0,11,5,12436414336154950561,1.0,0.18437523429458358,open,within_method_and_N_tertile,500,499,True,5.551115123125783e-15,43.04810941777425,0.3461048169360723,1.996
local_filling_N0500_sample12,local_filling,local_filling,12.0,12,2,2324773149466583470,1.0,0.12315349114280366,open,within_method_and_N_tertile,500,499,True,1.2656542480726785e-14,64.4480735884099,0.5926951896659882,1.996
local_filling_N0500_sample13,local_filling,local_filling,12.0,13,3,2106661723798090101,1.0,0.14812111130732913,open,within_method_and_N_tertile,500,499,True,7.327471962526033e-15,53.58456461599791,0.5257866075616036,1.996
local_filling_N0500_sample14,local_filling,local_filling,12.0,14,1,12321916720348744436,1.0,0.10440375632792977,open,within_method_and_N_tertile,500,499,True,1.3322676295501878e-14,76.02221930512776,0.8126573582106609,1.996
local_filling_N0500_sample15,local_filling,local_filling,12.0,15,4,14152689011494300761,1.0,0.1646874530718885,open,within_method_and_N_tertile,500,499,True,8.659739592076221e-15,48.19435307179337,0.2347864128510706,1.996
