case_id,case_name,particle_diameter,particle_radius,N_target,target_fractal_dimension,r_sigma_mult,realization,random_seed,max_try,csv_file,sys_file,vtk_file
1,case_001_dp1_N50_Df1.8_rep01,1.0,0.5,50,1.8,12.0,1,1029,200,case_001_dp1_N50_Df1.8_rep01/particles.csv,case_001_dp1_N50_Df1.8_rep01/particles.sys,case_001_dp1_N50_Df1.8_rep01/particles.vtk
2,case_002_dp1_N50_Df1.8_rep02,1.0,0.5,50,1.8,12.0,2,1030,200,case_002_dp1_N50_Df1.8_rep02/particles.csv,case_002_dp1_N50_Df1.8_rep02/particles.sys,case_002_dp1_N50_Df1.8_rep02/particles.vtk
3,case_003_dp1_N50_Df1.8_rep03,1.0,0.5,50,1.8,12.0,3,1031,200,case_003_dp1_N50_Df1.8_rep03/particles.csv,case_003_dp1_N50_Df1.8_rep03/particles.sys,case_003_dp1_N50_Df1.8_rep03/particles.vtk
4,case_004_dp1_N50_Df2.2_rep01,1.0,0.5,50,2.2,8.0,1,1032,200,case_004_dp1_N50_Df2.2_rep01/particles.csv,case_004_dp1_N50_Df2.2_rep01/particles.sys,case_004_dp1_N50_Df2.2_rep01/particles.vtk
5,case_005_dp1_N50_Df2.2_rep02,1.0,0.5,50,2.2,8.0,2,1033,200,case_005_dp1_N50_Df2.2_rep02/particles.csv,case_005_dp1_N50_Df2.2_rep02/particles.sys,case_005_dp1_N50_Df2.2_rep02/particles.vtk
6,case_006_dp1_N50_Df2.2_rep03,1.0,0.5,50,2.2,8.0,3,1034,200,case_006_dp1_N50_Df2.2_rep03/particles.csv,case_006_dp1_N50_Df2.2_rep03/particles.sys,case_006_dp1_N50_Df2.2_rep03/particles.vtk
7,case_007_dp1_N50_Df2.6_rep01,1.0,0.5,50,2.6,5.0,1,1035,200,case_007_dp1_N50_Df2.6_rep01/particles.csv,case_007_dp1_N50_Df2.6_rep01/particles.sys,case_007_dp1_N50_Df2.6_rep01/particles.vtk
8,case_008_dp1_N50_Df2.6_rep02,1.0,0.5,50,2.6,5.0,2,1036,200,case_008_dp1_N50_Df2.6_rep02/particles.csv,case_008_dp1_N50_Df2.6_rep02/particles.sys,case_008_dp1_N50_Df2.6_rep02/particles.vtk
9,case_009_dp1_N50_Df2.6_rep03,1.0,0.5,50,2.6,5.0,3,1037,200,case_009_dp1_N50_Df2.6_rep03/particles.csv,case_009_dp1_N50_Df2.6_rep03/particles.sys,case_009_dp1_N50_Df2.6_rep03/particles.vtk
10,case_010_dp1_N100_Df1.8_rep01,1.0,0.5,100,1.8,12.0,1,1038,200,case_010_dp1_N100_Df1.8_rep01/particles.csv,case_010_dp1_N100_Df1.8_rep01/particles.sys,case_010_dp1_N100_Df1.8_rep01/particles.vtk
11,case_011_dp1_N100_Df1.8_rep02,1.0,0.5,100,1.8,12.0,2,1039,200,case_011_dp1_N100_Df1.8_rep02/particles.csv,case_011_dp1_N100_Df1.8_rep02/particles.sys,case_011_dp1_N100_Df1.8_rep02/particles.vtk
12,case_012_dp1_N100_Df1.8_rep03,1.0,0.5,100,1.8,12.0,3,1040,200,case_012_dp1_N100_Df1.8_rep03/particles.csv,case_012_dp1_N100_Df1.8_rep03/particles.sys,case_012_dp1_N100_Df1.8_rep03/particles.vtk
13,case_013_dp1_N100_Df2.2_rep01,1.0,0.5,100,2.2,8.0,1,1041,200,case_013_dp1_N100_Df2.2_rep01/particles.csv,case_013_dp1_N100_Df2.2_rep01/particles.sys,case_013_dp1_N100_Df2.2_rep01/particles.vtk
14,case_014_dp1_N100_Df2.2_rep02,1.0,0.5,100,2.2,8.0,2,1042,200,case_014_dp1_N100_Df2.2_rep02/particles.csv,case_014_dp1_N100_Df2.2_rep02/particles.sys,case_014_dp1_N100_Df2.2_rep02/particles.vtk
15,case_015_dp1_N100_Df2.2_rep03,1.0,0.5,100,2.2,8.0,3,1043,200,case_015_dp1_N100_Df2.2_rep03/particles.csv,case_015_dp1_N100_Df2.2_rep03/particles.sys,case_015_dp1_N100_Df2.2_rep03/particles.vtk
16,case_016_dp1_N100_Df2.6_rep01,1.0,0.5,100,2.6,5.0,1,1044,200,case_016_dp1_N100_Df2.6_rep01/particles.csv,case_016_dp1_N100_Df2.6_rep01/particles.sys,case_016_dp1_N100_Df2.6_rep01/particles.vtk
17,case_017_dp1_N100_Df2.6_rep02,1.0,0.5,100,2.6,5.0,2,1045,200,case_017_dp1_N100_Df2.6_rep02/particles.csv,case_017_dp1_N100_Df2.6_rep02/particles.sys,case_017_dp1_N100_Df2.6_rep02/particles.vtk
18,case_018_dp1_N100_Df2.6_rep03,1.0,0.5,100,2.6,5.0,3,1046,200,case_018_dp1_N100_Df2.6_rep03/particles.csv,case_018_dp1_N100_Df2.6_rep03/particles.sys,case_018_dp1_N100_Df2.6_rep03/particles.vtk
19,case_019_dp1_N200_Df1.8_rep01,1.0,0.5,200,1.8,12.0,1,1047,200,case_019_dp1_N200_Df1.8_rep01/particles.csv,case_019_dp1_N200_Df1.8_rep01/particles.sys,case_019_dp1_N200_Df1.8_rep01/particles.vtk
20,case_020_dp1_N200_Df1.8_rep02,1.0,0.5,200,1.8,12.0,2,1048,200,case_020_dp1_N200_Df1.8_rep02/particles.csv,case_020_dp1_N200_Df1.8_rep02/particles.sys,case_020_dp1_N200_Df1.8_rep02/particles.vtk
21,case_021_dp1_N200_Df1.8_rep03,1.0,0.5,200,1.8,12.0,3,1049,200,case_021_dp1_N200_Df1.8_rep03/particles.csv,case_021_dp1_N200_Df1.8_rep03/particles.sys,case_021_dp1_N200_Df1.8_rep03/particles.vtk
22,case_022_dp1_N200_Df2.2_rep01,1.0,0.5,200,2.2,8.0,1,1050,200,case_022_dp1_N200_Df2.2_rep01/particles.csv,case_022_dp1_N200_Df2.2_rep01/particles.sys,case_022_dp1_N200_Df2.2_rep01/particles.vtk
23,case_023_dp1_N200_Df2.2_rep02,1.0,0.5,200,2.2,8.0,2,1051,200,case_023_dp1_N200_Df2.2_rep02/particles.csv,case_023_dp1_N200_Df2.2_rep02/particles.sys,case_023_dp1_N200_Df2.2_rep02/particles.vtk
24,case_024_dp1_N200_Df2.2_rep03,1.0,0.5,200,2.2,8.0,3,1052,200,case_024_dp1_N200_Df2.2_rep03/particles.csv,case_024_dp1_N200_Df2.2_rep03/particles.sys,case_024_dp1_N200_Df2.2_rep03/particles.vtk
25,case_025_dp1_N200_Df2.6_rep01,1.0,0.5,200,2.6,5.0,1,1053,200,case_025_dp1_N200_Df2.6_rep01/particles.csv,case_025_dp1_N200_Df2.6_rep01/particles.sys,case_025_dp1_N200_Df2.6_rep01/particles.vtk
26,case_026_dp1_N200_Df2.6_rep02,1.0,0.5,200,2.6,5.0,2,1054,200,case_026_dp1_N200_Df2.6_rep02/particles.csv,case_026_dp1_N200_Df2.6_rep02/particles.sys,case_026_dp1_N200_Df2.6_rep02/particles.vtk
27,case_027_dp1_N200_Df2.6_rep03,1.0,0.5,200,2.6,5.0,3,1055,200,case_027_dp1_N200_Df2.6_rep03/particles.csv,case_027_dp1_N200_Df2.6_rep03/particles.sys,case_027_dp1_N200_Df2.6_rep03/particles.vtk
28,case_028_dp1.5_N50_Df1.8_rep01,1.5,0.75,50,1.8,12.0,1,1056,200,case_028_dp1.5_N50_Df1.8_rep01/particles.csv,case_028_dp1.5_N50_Df1.8_rep01/particles.sys,case_028_dp1.5_N50_Df1.8_rep01/particles.vtk
29,case_029_dp1.5_N50_Df1.8_rep02,1.5,0.75,50,1.8,12.0,2,1057,200,case_029_dp1.5_N50_Df1.8_rep02/particles.csv,case_029_dp1.5_N50_Df1.8_rep02/particles.sys,case_029_dp1.5_N50_Df1.8_rep02/particles.vtk
30,case_030_dp1.5_N50_Df1.8_rep03,1.5,0.75,50,1.8,12.0,3,1058,200,case_030_dp1.5_N50_Df1.8_rep03/particles.csv,case_030_dp1.5_N50_Df1.8_rep03/particles.sys,case_030_dp1.5_N50_Df1.8_rep03/particles.vtk
31,case_031_dp1.5_N50_Df2.2_rep01,1.5,0.75,50,2.2,8.0,1,1059,200,case_031_dp1.5_N50_Df2.2_rep01/particles.csv,case_031_dp1.5_N50_Df2.2_rep01/particles.sys,case_031_dp1.5_N50_Df2.2_rep01/particles.vtk
32,case_032_dp1.5_N50_Df2.2_rep02,1.5,0.75,50,2.2,8.0,2,1060,200,case_032_dp1.5_N50_Df2.2_rep02/particles.csv,case_032_dp1.5_N50_Df2.2_rep02/particles.sys,case_032_dp1.5_N50_Df2.2_rep02/particles.vtk
33,case_033_dp1.5_N50_Df2.2_rep03,1.5,0.75,50,2.2,8.0,3,1061,200,case_033_dp1.5_N50_Df2.2_rep03/particles.csv,case_033_dp1.5_N50_Df2.2_rep03/particles.sys,case_033_dp1.5_N50_Df2.2_rep03/particles.vtk
34,case_034_dp1.5_N50_Df2.6_rep01,1.5,0.75,50,2.6,5.0,1,1062,200,case_034_dp1.5_N50_Df2.6_rep01/particles.csv,case_034_dp1.5_N50_Df2.6_rep01/particles.sys,case_034_dp1.5_N50_Df2.6_rep01/particles.vtk
35,case_035_dp1.5_N50_Df2.6_rep02,1.5,0.75,50,2.6,5.0,2,1063,200,case_035_dp1.5_N50_Df2.6_rep02/particles.csv,case_035_dp1.5_N50_Df2.6_rep02/particles.sys,case_035_dp1.5_N50_Df2.6_rep02/particles.vtk
36,case_036_dp1.5_N50_Df2.6_rep03,1.5,0.75,50,2.6,5.0,3,1064,200,case_036_dp1.5_N50_Df2.6_rep03/particles.csv,case_036_dp1.5_N50_Df2.6_rep03/particles.sys,case_036_dp1.5_N50_Df2.6_rep03/particles.vtk
37,case_037_dp1.5_N100_Df1.8_rep01,1.5,0.75,100,1.8,12.0,1,1065,200,case_037_dp1.5_N100_Df1.8_rep01/particles.csv,case_037_dp1.5_N100_Df1.8_rep01/particles.sys,case_037_dp1.5_N100_Df1.8_rep01/particles.vtk
38,case_038_dp1.5_N100_Df1.8_rep02,1.5,0.75,100,1.8,12.0,2,1066,200,case_038_dp1.5_N100_Df1.8_rep02/particles.csv,case_038_dp1.5_N100_Df1.8_rep02/particles.sys,case_038_dp1.5_N100_Df1.8_rep02/particles.vtk
39,case_039_dp1.5_N100_Df1.8_rep03,1.5,0.75,100,1.8,12.0,3,1067,200,case_039_dp1.5_N100_Df1.8_rep03/particles.csv,case_039_dp1.5_N100_Df1.8_rep03/particles.sys,case_039_dp1.5_N100_Df1.8_rep03/particles.vtk
40,case_040_dp1.5_N100_Df2.2_rep01,1.5,0.75,100,2.2,8.0,1,1068,200,case_040_dp1.5_N100_Df2.2_rep01/particles.csv,case_040_dp1.5_N100_Df2.2_rep01/particles.sys,case_040_dp1.5_N100_Df2.2_rep01/particles.vtk
41,case_041_dp1.5_N100_Df2.2_rep02,1.5,0.75,100,2.2,8.0,2,1069,200,case_041_dp1.5_N100_Df2.2_rep02/particles.csv,case_041_dp1.5_N100_Df2.2_rep02/particles.sys,case_041_dp1.5_N100_Df2.2_rep02/particles.vtk
42,case_042_dp1.5_N100_Df2.2_rep03,1.5,0.75,100,2.2,8.0,3,1070,200,case_042_dp1.5_N100_Df2.2_rep03/particles.csv,case_042_dp1.5_N100_Df2.2_rep03/particles.sys,case_042_dp1.5_N100_Df2.2_rep03/particles.vtk
43,case_043_dp1.5_N100_Df2.6_rep01,1.5,0.75,100,2.6,5.0,1,1071,200,case_043_dp1.5_N100_Df2.6_rep01/particles.csv,case_043_dp1.5_N100_Df2.6_rep01/particles.sys,case_043_dp1.5_N100_Df2.6_rep01/particles.vtk
44,case_044_dp1.5_N100_Df2.6_rep02,1.5,0.75,100,2.6,5.0,2,1072,200,case_044_dp1.5_N100_Df2.6_rep02/particles.csv,case_044_dp1.5_N100_Df2.6_rep02/particles.sys,case_044_dp1.5_N100_Df2.6_rep02/particles.vtk
45,case_045_dp1.5_N100_Df2.6_rep03,1.5,0.75,100,2.6,5.0,3,1073,200,case_045_dp1.5_N100_Df2.6_rep03/particles.csv,case_045_dp1.5_N100_Df2.6_rep03/particles.sys,case_045_dp1.5_N100_Df2.6_rep03/particles.vtk
46,case_046_dp1.5_N200_Df1.8_rep01,1.5,0.75,200,1.8,12.0,1,1074,200,case_046_dp1.5_N200_Df1.8_rep01/particles.csv,case_046_dp1.5_N200_Df1.8_rep01/particles.sys,case_046_dp1.5_N200_Df1.8_rep01/particles.vtk
47,case_047_dp1.5_N200_Df1.8_rep02,1.5,0.75,200,1.8,12.0,2,1075,200,case_047_dp1.5_N200_Df1.8_rep02/particles.csv,case_047_dp1.5_N200_Df1.8_rep02/particles.sys,case_047_dp1.5_N200_Df1.8_rep02/particles.vtk
48,case_048_dp1.5_N200_Df1.8_rep03,1.5,0.75,200,1.8,12.0,3,1076,200,case_048_dp1.5_N200_Df1.8_rep03/particles.csv,case_048_dp1.5_N200_Df1.8_rep03/particles.sys,case_048_dp1.5_N200_Df1.8_rep03/particles.vtk
49,case_049_dp1.5_N200_Df2.2_rep01,1.5,0.75,200,2.2,8.0,1,1077,200,case_049_dp1.5_N200_Df2.2_rep01/particles.csv,case_049_dp1.5_N200_Df2.2_rep01/particles.sys,case_049_dp1.5_N200_Df2.2_rep01/particles.vtk
50,case_050_dp1.5_N200_Df2.2_rep02,1.5,0.75,200,2.2,8.0,2,1078,200,case_050_dp1.5_N200_Df2.2_rep02/particles.csv,case_050_dp1.5_N200_Df2.2_rep02/particles.sys,case_050_dp1.5_N200_Df2.2_rep02/particles.vtk
51,case_051_dp1.5_N200_Df2.2_rep03,1.5,0.75,200,2.2,8.0,3,1079,200,case_051_dp1.5_N200_Df2.2_rep03/particles.csv,case_051_dp1.5_N200_Df2.2_rep03/particles.sys,case_051_dp1.5_N200_Df2.2_rep03/particles.vtk
52,case_052_dp1.5_N200_Df2.6_rep01,1.5,0.75,200,2.6,5.0,1,1080,200,case_052_dp1.5_N200_Df2.6_rep01/particles.csv,case_052_dp1.5_N200_Df2.6_rep01/particles.sys,case_052_dp1.5_N200_Df2.6_rep01/particles.vtk
53,case_053_dp1.5_N200_Df2.6_rep02,1.5,0.75,200,2.6,5.0,2,1081,200,case_053_dp1.5_N200_Df2.6_rep02/particles.csv,case_053_dp1.5_N200_Df2.6_rep02/particles.sys,case_053_dp1.5_N200_Df2.6_rep02/particles.vtk
54,case_054_dp1.5_N200_Df2.6_rep03,1.5,0.75,200,2.6,5.0,3,1082,200,case_054_dp1.5_N200_Df2.6_rep03/particles.csv,case_054_dp1.5_N200_Df2.6_rep03/particles.sys,case_054_dp1.5_N200_Df2.6_rep03/particles.vtk
55,case_055_dp2_N50_Df1.8_rep01,2.0,1.0,50,1.8,12.0,1,1083,200,case_055_dp2_N50_Df1.8_rep01/particles.csv,case_055_dp2_N50_Df1.8_rep01/particles.sys,case_055_dp2_N50_Df1.8_rep01/particles.vtk
56,case_056_dp2_N50_Df1.8_rep02,2.0,1.0,50,1.8,12.0,2,1084,200,case_056_dp2_N50_Df1.8_rep02/particles.csv,case_056_dp2_N50_Df1.8_rep02/particles.sys,case_056_dp2_N50_Df1.8_rep02/particles.vtk
57,case_057_dp2_N50_Df1.8_rep03,2.0,1.0,50,1.8,12.0,3,1085,200,case_057_dp2_N50_Df1.8_rep03/particles.csv,case_057_dp2_N50_Df1.8_rep03/particles.sys,case_057_dp2_N50_Df1.8_rep03/particles.vtk
58,case_058_dp2_N50_Df2.2_rep01,2.0,1.0,50,2.2,8.0,1,1086,200,case_058_dp2_N50_Df2.2_rep01/particles.csv,case_058_dp2_N50_Df2.2_rep01/particles.sys,case_058_dp2_N50_Df2.2_rep01/particles.vtk
59,case_059_dp2_N50_Df2.2_rep02,2.0,1.0,50,2.2,8.0,2,1087,200,case_059_dp2_N50_Df2.2_rep02/particles.csv,case_059_dp2_N50_Df2.2_rep02/particles.sys,case_059_dp2_N50_Df2.2_rep02/particles.vtk
60,case_060_dp2_N50_Df2.2_rep03,2.0,1.0,50,2.2,8.0,3,1088,200,case_060_dp2_N50_Df2.2_rep03/particles.csv,case_060_dp2_N50_Df2.2_rep03/particles.sys,case_060_dp2_N50_Df2.2_rep03/particles.vtk
61,case_061_dp2_N50_Df2.6_rep01,2.0,1.0,50,2.6,5.0,1,1089,200,case_061_dp2_N50_Df2.6_rep01/particles.csv,case_061_dp2_N50_Df2.6_rep01/particles.sys,case_061_dp2_N50_Df2.6_rep01/particles.vtk
62,case_062_dp2_N50_Df2.6_rep02,2.0,1.0,50,2.6,5.0,2,1090,200,case_062_dp2_N50_Df2.6_rep02/particles.csv,case_062_dp2_N50_Df2.6_rep02/particles.sys,case_062_dp2_N50_Df2.6_rep02/particles.vtk
63,case_063_dp2_N50_Df2.6_rep03,2.0,1.0,50,2.6,5.0,3,1091,200,case_063_dp2_N50_Df2.6_rep03/particles.csv,case_063_dp2_N50_Df2.6_rep03/particles.sys,case_063_dp2_N50_Df2.6_rep03/particles.vtk
64,case_064_dp2_N100_Df1.8_rep01,2.0,1.0,100,1.8,12.0,1,1092,200,case_064_dp2_N100_Df1.8_rep01/particles.csv,case_064_dp2_N100_Df1.8_rep01/particles.sys,case_064_dp2_N100_Df1.8_rep01/particles.vtk
65,case_065_dp2_N100_Df1.8_rep02,2.0,1.0,100,1.8,12.0,2,1093,200,case_065_dp2_N100_Df1.8_rep02/particles.csv,case_065_dp2_N100_Df1.8_rep02/particles.sys,case_065_dp2_N100_Df1.8_rep02/particles.vtk
66,case_066_dp2_N100_Df1.8_rep03,2.0,1.0,100,1.8,12.0,3,1094,200,case_066_dp2_N100_Df1.8_rep03/particles.csv,case_066_dp2_N100_Df1.8_rep03/particles.sys,case_066_dp2_N100_Df1.8_rep03/particles.vtk
67,case_067_dp2_N100_Df2.2_rep01,2.0,1.0,100,2.2,8.0,1,1095,200,case_067_dp2_N100_Df2.2_rep01/particles.csv,case_067_dp2_N100_Df2.2_rep01/particles.sys,case_067_dp2_N100_Df2.2_rep01/particles.vtk
68,case_068_dp2_N100_Df2.2_rep02,2.0,1.0,100,2.2,8.0,2,1096,200,case_068_dp2_N100_Df2.2_rep02/particles.csv,case_068_dp2_N100_Df2.2_rep02/particles.sys,case_068_dp2_N100_Df2.2_rep02/particles.vtk
69,case_069_dp2_N100_Df2.2_rep03,2.0,1.0,100,2.2,8.0,3,1097,200,case_069_dp2_N100_Df2.2_rep03/particles.csv,case_069_dp2_N100_Df2.2_rep03/particles.sys,case_069_dp2_N100_Df2.2_rep03/particles.vtk
70,case_070_dp2_N100_Df2.6_rep01,2.0,1.0,100,2.6,5.0,1,1098,200,case_070_dp2_N100_Df2.6_rep01/particles.csv,case_070_dp2_N100_Df2.6_rep01/particles.sys,case_070_dp2_N100_Df2.6_rep01/particles.vtk
71,case_071_dp2_N100_Df2.6_rep02,2.0,1.0,100,2.6,5.0,2,1099,200,case_071_dp2_N100_Df2.6_rep02/particles.csv,case_071_dp2_N100_Df2.6_rep02/particles.sys,case_071_dp2_N100_Df2.6_rep02/particles.vtk
72,case_072_dp2_N100_Df2.6_rep03,2.0,1.0,100,2.6,5.0,3,1100,200,case_072_dp2_N100_Df2.6_rep03/particles.csv,case_072_dp2_N100_Df2.6_rep03/particles.sys,case_072_dp2_N100_Df2.6_rep03/particles.vtk
73,case_073_dp2_N200_Df1.8_rep01,2.0,1.0,200,1.8,12.0,1,1101,200,case_073_dp2_N200_Df1.8_rep01/particles.csv,case_073_dp2_N200_Df1.8_rep01/particles.sys,case_073_dp2_N200_Df1.8_rep01/particles.vtk
74,case_074_dp2_N200_Df1.8_rep02,2.0,1.0,200,1.8,12.0,2,1102,200,case_074_dp2_N200_Df1.8_rep02/particles.csv,case_074_dp2_N200_Df1.8_rep02/particles.sys,case_074_dp2_N200_Df1.8_rep02/particles.vtk
75,case_075_dp2_N200_Df1.8_rep03,2.0,1.0,200,1.8,12.0,3,1103,200,case_075_dp2_N200_Df1.8_rep03/particles.csv,case_075_dp2_N200_Df1.8_rep03/particles.sys,case_075_dp2_N200_Df1.8_rep03/particles.vtk
76,case_076_dp2_N200_Df2.2_rep01,2.0,1.0,200,2.2,8.0,1,1104,200,case_076_dp2_N200_Df2.2_rep01/particles.csv,case_076_dp2_N200_Df2.2_rep01/particles.sys,case_076_dp2_N200_Df2.2_rep01/particles.vtk
77,case_077_dp2_N200_Df2.2_rep02,2.0,1.0,200,2.2,8.0,2,1105,200,case_077_dp2_N200_Df2.2_rep02/particles.csv,case_077_dp2_N200_Df2.2_rep02/particles.sys,case_077_dp2_N200_Df2.2_rep02/particles.vtk
78,case_078_dp2_N200_Df2.2_rep03,2.0,1.0,200,2.2,8.0,3,1106,200,case_078_dp2_N200_Df2.2_rep03/particles.csv,case_078_dp2_N200_Df2.2_rep03/particles.sys,case_078_dp2_N200_Df2.2_rep03/particles.vtk
79,case_079_dp2_N200_Df2.6_rep01,2.0,1.0,200,2.6,5.0,1,1107,200,case_079_dp2_N200_Df2.6_rep01/particles.csv,case_079_dp2_N200_Df2.6_rep01/particles.sys,case_079_dp2_N200_Df2.6_rep01/particles.vtk
80,case_080_dp2_N200_Df2.6_rep02,2.0,1.0,200,2.6,5.0,2,1108,200,case_080_dp2_N200_Df2.6_rep02/particles.csv,case_080_dp2_N200_Df2.6_rep02/particles.sys,case_080_dp2_N200_Df2.6_rep02/particles.vtk
81,case_081_dp2_N200_Df2.6_rep03,2.0,1.0,200,2.6,5.0,3,1109,200,case_081_dp2_N200_Df2.6_rep03/particles.csv,case_081_dp2_N200_Df2.6_rep03/particles.sys,case_081_dp2_N200_Df2.6_rep03/particles.vtk
